#,color,size,content
1,256G 金色,套装五：搭配 店铺延保一年,颜色比图片上的更好看，质感非常好，整体很在线，试了一下拍摄，拍出来的画面确实很好看。
2,256G 苍岭绿色,套装一：搭配 90天碎屏保障,"外形外观：相当好看，从曲面屏回到直屏真不错
屏幕音效：好！
拍照效果：相当好，13pro拍照就是强
运行速度：新系统加新芯片杠杠滴
待机时间：很长，没有后台程序续航可以小撑一天"
3,256G 远峰蓝色,套装二：搭配 20W原充头,东西收到很快，外观特别好，屏幕清楚，运程度很好
4,256G 金色,套装一：搭配 90天品胜碎屏保障,"外形外观：两个字 高级。质感真的与众不同，我买的是金色，日落金的感觉，我认为是最好看的一个颜色。
屏幕音效：震动手感是一流，哒哒哒的感觉真的会上瘾。
拍照效果：还可以，但肯定不如安卓顶级旗舰，毕竟镜头硬件确实拉。
运行速度：很快，配合上13Pro的自适应高刷，纵享丝滑，同时还可以免除续航焦虑，十三香啊。"
5,128G 远峰蓝色,套装一：搭配 90天品胜碎屏保障,"外形外观：很棒 尺寸正合适
屏幕音效：顶级屏幕 音质也很棒
拍照效果：摄像感觉很棒 拍摄比拍照厉害
运行速度：没得说高刷新很舒服"
6,128G 金色（享一年延保）,套装一：搭配 90天碎屏保障,"很棒，是正品
买了这个12就可以退休了哈哈哈
外形外观：金灿灿的，很好看
屏幕音效：很棒，ios的音效从来没有让人失望过
拍照效果：这次13特别改进了拍照效果，肯定好评
运行速度：a15，不用问了
待机时间：大概五小时
其他特色：好看好看好看"
7,128G 远峰蓝色,套装一：搭配 90天碎屏保障,"外形外观：完美
屏幕音效：完美
拍照效果：好  清晰
运行速度：快
待机时间：长"
8,128G 远峰蓝色,套装一：搭配 90天品胜碎屏保障,"外形外观：挺好的，很圆润，也不会烙手
屏幕音效：声音很大，音效很好
拍照效果：就拍了2张还没感觉
运行速度：：相当快"
9,256G 石墨色,套装一：搭配 90天品胜碎屏保障,"外形外观：漂亮
屏幕音效：非常喜欢
拍照效果：很棒
运行速度：很快
待机时间：一天半"
10,256G 金色,套装二：搭配 20W原装闪充,发货速度很快很快，查过序列号，也没有激活过。是，前屏跟后屏也都没有问题，安全下车，放心啦。机子用起来很流畅，暂时没出现发热状态，很好用。13香。
11,256G 石墨色,套装三：搭配 12期白条免息,"外形外观：好看，大气
屏幕音效：清晰
拍照效果：好，清晰
运行速度：快"
12,256G 石墨色,套装二：搭配 20W原充头,古德古德    背面磨砂很舒服  摄像头也挺好的   颜值在线
13,256G 远峰蓝色,套装一：搭配 90天碎屏保障,没有瑕疵，用这挺舒服的，ppi好像460多，屏幕显示极其细腻，120自适应高刷体验非常棒，期待14p会有啥升级
14,256G 远峰蓝色,套装一：搭配 90天品胜碎屏保障,是真品，手机非常好用，原神能开120帧，太牛了，13香啊
15,128G 银色,套装二：搭配 20W原充头,"外形外观：选的白色，大气，特好看
运行速度：特快
待机时间：刚收到，还没正式使用"
16,256G 石墨色,套装二：搭配 20W原装闪充,手机还行，信号是真的差。
17,256G 石墨色,套装三：搭配 12期白条免息,全新正品国行未激活 手机也没问题 很好的一次购物体验
18,256G 远峰蓝色,套装二：搭配 20W原装闪充,苹果13pro收到了 外观很大气 颜色很绅士 功能强大 特别喜欢这个三个摄像头的样子 上手容易 运行速度超快
19,256G 金色（享一年延保）,套装三：搭配 12期白条免息,外观好看 很小巧 好用 很惊喜喜欢的很
20,256G 金色,套装一：搭配 90天品胜碎屏保障,"正版，已经是第二次购买了
外形外观：宝贝收到后很满意，外形颜色也很喜欢，挑选好多家，果然没看错，希望把好物分享给大家??
屏幕音效：宝贝确实很棒，个人非常喜欢，朋友也说好来着，推荐购买
拍照效果：真的超级喜欢，质量非常好，与卖家描述的一致！
待机时间：每一次都很满意，这次选的宝贝更加满意，以后还会一如既往地买下去"
21,256G 金色,套装一：搭配 90天品胜碎屏保障,"对象送的春节礼物?手感比12重一些，很有质感，操作很丝滑，香槟色配磨砂背板真的太好看了，有光的时候会透出金色，没有强光的时候看着就像白色，有种鎏金白的感觉，无敌赞啊！！！
拍照巨6，我不带眼镜的时候就拿这个手机当望远镜使了，百米清晰不在话下，而且春节物流也好快，下午买的第二天早上就到了，超级无敌赞，官网约了一个月的白色都没出库，还是京东方便(?&bull;?&omega;&bull;?)???(ゝ&omega;?&acute;★)"
22,128G 远峰蓝色,套装一：搭配 90天品胜碎屏保障,"帅还真全新 高级的手机 虽然很贵 但是非常建议购买 金色也很好看
屏幕音效：非常好
拍照效果：顶级
运行速度：无敌"
23,128G 石墨色,套装一：搭配 90天品胜碎屏保障,像素清晰   反应贼快，  是正品价格合适。嗯，在京东上买的，配送速度非常快，用的是京东物流。然后拆开包装，还好。感觉还行吧。岁月。推荐大家在这里买。就这样吧。加油加油加油。
24,256G 苍岭绿色,套装一：搭配 90天碎屏保障,特意用了几天来评价，这个颜色很奈斯，清爽，屏幕很高清，拍照拍视频也很清晰，手机反应也还可以，用来做直播不卡
25,128G 银色,套装一：搭配 90天品胜碎屏保障,对象送的春节礼物?手感比12重一些，很有质感，操作很丝滑，香槟色配磨砂背板真的太好看了，有光的时候会透出金色，没有强光的时候看着就像白色，有种鎏金白的感觉，无敌赞啊！！！拍照巨6，我不带眼镜的时候就拿这个手机当望远镜使了，百米清晰不在话下，而且春节物流也好快，下午买的第二天早上就到了，超级无敌赞，官网约了一个月的白色都没出库，还是京东方便(?&bull;?&omega;&bull;?)???(ゝ&omega;?&acute;★)
26,256G 石墨色（享一年延保）,套装二：搭配 20W原装闪充,"到货很快 客服回复速度也快
手机本身肯定没话说 毕竟快1W 
店铺送了延保一年 很实用
主要是妈妈收到礼物非常开心?"
27,256G 石墨色（享一年延保）,套装二：搭配 20W原装闪充,手机已收到，质量很好，体验不错。值得信赖！
28,256G 石墨色,套装一：搭配 90天品胜碎屏保障,手机全新未拆封，屏幕很大，屏幕很清晰   外观漂亮，质量很好，手感不错
29,128G 石墨色（享一年延保）,套装二：搭配 20W原装闪充,"一如既往的好，用习惯了苹果，
卖家发货速度很快，收到第一时间验机，没任何问题！
这次换了128的，足够用，运行速度明显比12有提升。"
30,256G 银色,套装一：搭配 90天碎屏保障,发货很快，iPhone13pro性能强劲，120hz高刷屏很丝滑，做工一流，银色绝美，不愧是苹果目前最强的旗舰机，十分满意
31,远峰蓝色,256GB,收到货了，啊，真香！长焦镜头yyds，拍照，拍视频绝了，个人也是非常喜欢拍照啥的。镜头很大，要比之前用的11大好多，凸出的感觉好高，但这并不影响，问题不大，哈哈。嗯，nice   外观没得说，好看。系统还是一样的丝滑。双扬听歌看视频都很舒服，音质很好。待机时间个人感觉还是有点短。
32,金色,256GB,"外形外观：漂亮，回归经典！比老的6sp整体要小一圈，但要厚一点，重量还重一点
屏幕音效：全面屏了嘛，机身小一点但是屏幕大。6.1英寸比老的6sp的5.5英寸要长一截，略微窄一点，音效非常好，对话身临其境
拍照效果：杠杠的，真实是苹果最大的优势，所拍即所见。隔了几代换机，简直是翻天覆地，三颗大摄像头，各司所职，比起12，光变增加到3倍，非常棒，终于基本赶上主流了。人像功能和电影模式非常好，傻瓜出片！暗光表现也很好，比肉眼所见整体亮度好像要稍微高一点，但明暗分明、符合真实的比例。
运行速度：运行速度：6sp的2G运存都依然流畅，更何况13pro提高到了6G运存。那丝滑感让人爱不释手。
待机时间：不错！正常中度使用，一天10小时够用，基本能剩40%左右。
其他特色：高刷！终于上了高刷，而且是独门秘笈自适应刷新率！提高体验，还能提高综合续航，反正肉眼只会感觉到高刷的升级感。

综述：13香！虽然13比13pro便宜了2000块，比12的起步价还便宜，貌似更具性价比。但是13pro比13提升很多，而且和promax的差距比上一代缩小了，所以综合重量手感便携等因素（给老婆用的）最终选择了13pro（promax续航再好也终究逃不过一天一充?）"
33,远峰蓝色,256GB,"电池续航：很好，充满用一整天都不用充，比之前的苹果手机经用很多。
通信音质：国行的信号还是可以的 。
显示效果：屏幕看起来很舒服 
拍照效果：拍照效果很nice 原相机自拍也很真实，相比之前的 这个拍起来感觉自带美颜功能 哈哈哈 真心喜欢 
运行速度：运行速度也很快，很喜欢。 
其他特色：远峰蓝很好看，哈哈 高大上"
34,石墨色,256GB,"17号赶紧抢了第一波，24号就到货了。本来已经用华为好几年了，买了宝马车才知道宝马跟苹果是有合作出无线Carplay的，刚好老的iPhone7在宝马无线Carplay已经发热到死机了，买了iPhone13可以当车机用，开了一下午车也没有怎么发热。
iPhone13新增加了微距很不错，树叶的纹路可以看得到很细腻，以后可以少带一个单反镜头出门了。
大家说的有鬼影是真的，我拍了车灯，立马就出来了。
至于电影摄像功能等过节找小伙伴一起再测试一下。"
35,远峰蓝色,128GB,13p香是真的香，蓝色好看，不是深蓝色的，金属质感手感很舒服。配置高。摄像头也很优秀，拍出来效果很棒，运行速度快，你值得拥有。各方面都还不错。香。
36,银色,256GB,"外形外观：哈哈，好看
屏幕音效：屏幕漂亮 音质好听
拍照效果：杠杠的，喜欢
运行速度：速度牛逼，快
待机时间：牛逼了，比12好多了
其他特色：价格可以，带发票，物流也很快！"
37,远峰蓝色,256GB,很流畅，高刷纵享丝滑！13pro256只能说早买早享受，拍照很给力，黑暗中绽放光芒，再也不用担心光线不好拍照不清楚了，继续使用观察，后续追评！
38,远峰蓝色,256GB,买了一个多月才来评论，体验非常好。第一、速度很快。相对于用了三年的iPhone X要快了很多；第二、摄像头霸气、对焦速度快、成像质量好；第三、iOS系统流畅、很好用，其次配合Mac使用，简直完美。
39,远峰蓝色,128GB,"外形外观：远蓝峰随着光线环境而改变颜色，手感很好，就是边框上容易留下指纹抗油污差，得带套使用
屏幕音效：声音音质浑厚
拍照效果：拍照效果杠杠的，没的说
运行速度：玩游戏反应速度非常快，自适应高刷
待机时间：不使用的情况下，大概一周左右"
40,石墨色,256GB,用了一段时间才来的评论，确实是感觉拿到手机还是觉得不一样的，倍有面子个人觉得哈（不喜勿喷）包括手机?流畅度很好，性能简直好的不行，入手这个苹果13pro是经过深思熟虑，而且买到也很喜欢??充电还是挺快的，现在是两部手机共用（苹果8P）功能这些有了巨大的提升，很喜欢拍照?的电影?效果，还有就是面容解锁，我感觉买了那么多东西，第一次写了那么长的好评评论，也是很高兴的，一如既往的支持京东，哈哈哈??????
41,远峰蓝色,256GB,"外形外观：不用说了，个人觉得蓝色的好看，
拍照效果：拍照也很清晰
待机时间：一天够用
运行速度：平时游戏流畅流畅爽歪歪，总之牛牛"
42,远峰蓝色,256GB,超高颜值.手感特别好！大小合适.对于男生来说.这重量绝对可以接受..很有质感！
43,金色,256GB,昨天晚上下单 今天中午就收到货了 ！苹果13pro ，东西很不错 从外观到反应速度 再到照相机的功能 都是非常的好 ！这一点使用过的人应该都知道。同时买了无线耳机 耳机的功能挺好，音质也非常好 总体满意 ！
44,金色,256GB,外形外观：边框金属质感很好；宽度合适，女生单手握感舒适；做工精致，品控良好，边角处无硌手感；金@泽均匀。屏幕音效：屏幕显示清晰细腻，无粉绿屏情况出现；直面屏视感好且不易碎裂。拍照效果：对景物本色还原好，长焦镜头拍照实际体验优秀；电影模式简单好用。运行速度：Pro版本下A15芯片、6G大运存配合IOS系统，运行速度快且杀后台情况几乎没有。待机时间：3000多毫安电池容量诚意更足，待机时长比上代版本有明显提升。其他特色：屏幕素质顶级，自适应高刷省电显示效果又有保障。更大容量电池，待机更长。已经查了各种序列号等，确定为原装正品。同时京东物流送货速度快，包装严实，服务态度好。
45,远峰蓝色,1TB,苹果品质 坚如磐石 值得信赖
46,远峰蓝色,128GB,"外形外观：很精致
屏幕音效：声音很大 音效不错
拍照效果：很清楚 相机有很多功能 电影效果就很不错?
运行速度：很流畅
待机时间：比以前的久点了
颜色很好看 摸起来很有质感"
47,石墨色,128GB,"拍照效果：拍照效果色彩真，图像细腻。电池续航：电
池续航有所提升，延长使用2小时 通信音质：音质干干净
净，背景没杂音，非常好 运行速度：A15运行速度没的
说，非常流畅，看视频打游戏得心应手 显示效果：超级视
网膜屏，色彩真，不伤眼睛 其他特色：第一时间来评
价，首先手机是国行正品，和商家描述的一样，运行速度
超级快，商家服务态度非常好。"
48,石墨色,256GB,很完美的一次购物体验，黑色这款一直没货，早上吃早餐无意中看到有货，立马就下单了，没想到上午9九点下单，下午四点多就到了，有种速度叫京东物流，包装完好无损，没有任何瑕疵。买的充电器套装，相当于只需加九块钱邮费，就可以得到苹果原装充电器，东哥帮苹果做了该做的事，真的超级划算。感谢京东～，可能是疫情原因才缺货吧，建议想要的小伙伴多多蹲一下～
49,远峰蓝色,256GB,手机使用很流畅，A15芯片我愿称作当代最强，外观没得说，拿在手上这质量无敌，电池续航强，手机各项功能还在摸索中，苹果的东西就是没得说，好评。
50,远峰蓝色,256GB,物流太快了，第二天就到了。宝贝很好，不得不说，客服态度也太好了吧！拍照功能很强大。夜景模式非常清晰。很亮。运行速度也是一流的。高刷屏幕非常丝滑，手机大小也很合适。拿着很舒服。续航能力有了很大提升。。。
51,远峰蓝色,256GB,"超好看的远峰蓝色！?
绝绝子的渐变色！13pro可以随着光线呈现渐变的白灰色！好看绝了！哈哈哈哈真的??
?光线暗的时候就跟白色一样一样的
?用12pm后置原图拍的！没有滤镜～  ???"
52,远峰蓝色,256GB,"外形外观：原来用的7p，可能习惯了，感觉原来的手感好。
屏幕音效：没得说，很好
拍照效果：清晰了很多
运行速度：很快啊，刷刷的
待机时间：刚拿到手，还不清楚
其他特色：不太会倒数据，感觉挺麻烦的"
53,远峰蓝色,128GB,"外形外观：经典的4s外观设计，我第一台苹果就是4s，之前还是用的nokiaE71，第一眼看到苹果手机还是朋友手上的4s，初看就觉得好漂亮，系统方面也很简洁，是我喜欢的设计，无论外观还是ios，后来买的首发6sp，就一直用到现在才换13p，大部分都很满意，除了价格和电池！
运行速度：跟我的6年的6sp比那肯定是流畅的不行了，用了这么久确实很卡了，不过现在也依旧还在服役了，真的坚挺，质量也没的说的，6年还在用的6sp依然使用中，舍不得它了都！
拍照效果：拍照方面平时用的还挺多，广角镜头很有用，成像效果个人觉得很不错了，就是放大拍的话还是不能看了哈！"
54,石墨色,256GB,"外形外观：没得说很不错，今年最好手机
屏幕音效：还未使用，后期反馈
拍照效果：刚刚的
运行速度：一个一块的不得了
待机时间：随便使用吧
其他特色：非常饿好哈哈哈的
本年度最好的手机，值得大家拥有"
55,远峰蓝色,128GB,"外形外观：颜色超级OK，喜爱
屏幕音效：音效不错哦
拍照效果：提升不错，效果挺好
待机时间：有待观察
运行速度：速度超级爽"
56,苍岭绿色,128GB,"手机收到?，颜色超级好看，超级超级好看，新绿色，很时尚，摄像曝光问题可以调整参数，很不错?，推荐推荐，已经在这入手两台了，很不错，推荐给同事了
不错不错?，送给女朋友的，她很喜欢?&hellip;&hellip;&hellip;&hellip;
爱不释手哦&hellip;&hellip;
外形外观：很好
屏幕音效：很顺畅
拍照效果：不错，拍人物曝光可以调整
运行速度：很快
待机时间：还不错
其他特色：颜色很好看"
57,远峰蓝色,256GB,"外形外观：很漂亮！
屏幕音效：很强大
拍照效果：无敌！
运行速度：快！
待机时间：长！
其他特色：用过后在评价吧！第一次用这个牌子！"
58,远峰蓝色,128GB,"外形外观：直角边框看着也不错，手感也可以，后背摄像头模组巨大，主要是max太大了，所以买的小pro
屏幕音效：双扬声器效果很好
拍照效果：不错，速度快，前置摄像头很自然
运行速度：好像挺快的，毕竟新手机
待机时间：能用一天"
59,石墨色,128GB,"外形外观：手感舒适！质地细腻！
屏幕音效：清晰明了！声音动听！
拍照效果：非常不错、
运行速度：感觉比11快了很多！
待机时间：不玩游戏一天下来还有68%！
其他特色：用了这么久，没感觉到发烫！以前用11充电都感觉烫！"
60,金色,256GB,"拍照效果：非常棒，尤其是广角，放大缩小很方便，业余短视频创作效果很理想
运行速度：流畅丝滑
外形外观：单手操作稍微费点劲，那是因为它屏幕大
屏幕音效：看个电影音效很棒"
61,远峰蓝色,256GB,收到货了，啊，真香！长焦镜头yyds，拍照，拍视频绝了，个人也是非常喜欢拍照啥的。镜头很大，要比之前用的11大好多，凸出的感觉好高，但这并不影响，问题不大，哈哈。嗯，nice   外观没得说，好看。系统还是一样的丝滑。双扬听歌看视频都很舒服，音质很好。待机时间个人感觉还是有点短。
62,金色,256GB,"外形外观：漂亮，回归经典！比老的6sp整体要小一圈，但要厚一点，重量还重一点
屏幕音效：全面屏了嘛，机身小一点但是屏幕大。6.1英寸比老的6sp的5.5英寸要长一截，略微窄一点，音效非常好，对话身临其境
拍照效果：杠杠的，真实是苹果最大的优势，所拍即所见。隔了几代换机，简直是翻天覆地，三颗大摄像头，各司所职，比起12，光变增加到3倍，非常棒，终于基本赶上主流了。人像功能和电影模式非常好，傻瓜出片！暗光表现也很好，比肉眼所见整体亮度好像要稍微高一点，但明暗分明、符合真实的比例。
运行速度：运行速度：6sp的2G运存都依然流畅，更何况13pro提高到了6G运存。那丝滑感让人爱不释手。
待机时间：不错！正常中度使用，一天10小时够用，基本能剩40%左右。
其他特色：高刷！终于上了高刷，而且是独门秘笈自适应刷新率！提高体验，还能提高综合续航，反正肉眼只会感觉到高刷的升级感。

综述：13香！虽然13比13pro便宜了2000块，比12的起步价还便宜，貌似更具性价比。但是13pro比13提升很多，而且和promax的差距比上一代缩小了，所以综合重量手感便携等因素（给老婆用的）最终选择了13pro（promax续航再好也终究逃不过一天一充?）"
63,远峰蓝色,256GB,"电池续航：很好，充满用一整天都不用充，比之前的苹果手机经用很多。
通信音质：国行的信号还是可以的 。
显示效果：屏幕看起来很舒服 
拍照效果：拍照效果很nice 原相机自拍也很真实，相比之前的 这个拍起来感觉自带美颜功能 哈哈哈 真心喜欢 
运行速度：运行速度也很快，很喜欢。 
其他特色：远峰蓝很好看，哈哈 高大上"
64,石墨色,256GB,"17号赶紧抢了第一波，24号就到货了。本来已经用华为好几年了，买了宝马车才知道宝马跟苹果是有合作出无线Carplay的，刚好老的iPhone7在宝马无线Carplay已经发热到死机了，买了iPhone13可以当车机用，开了一下午车也没有怎么发热。
iPhone13新增加了微距很不错，树叶的纹路可以看得到很细腻，以后可以少带一个单反镜头出门了。
大家说的有鬼影是真的，我拍了车灯，立马就出来了。
至于电影摄像功能等过节找小伙伴一起再测试一下。"
65,远峰蓝色,128GB,13p香是真的香，蓝色好看，不是深蓝色的，金属质感手感很舒服。配置高。摄像头也很优秀，拍出来效果很棒，运行速度快，你值得拥有。各方面都还不错。香。
66,银色,256GB,"外形外观：哈哈，好看
屏幕音效：屏幕漂亮 音质好听
拍照效果：杠杠的，喜欢
运行速度：速度牛逼，快
待机时间：牛逼了，比12好多了
其他特色：价格可以，带发票，物流也很快！"
67,远峰蓝色,256GB,很流畅，高刷纵享丝滑！13pro256只能说早买早享受，拍照很给力，黑暗中绽放光芒，再也不用担心光线不好拍照不清楚了，继续使用观察，后续追评！
68,远峰蓝色,256GB,买了一个多月才来评论，体验非常好。第一、速度很快。相对于用了三年的iPhone X要快了很多；第二、摄像头霸气、对焦速度快、成像质量好；第三、iOS系统流畅、很好用，其次配合Mac使用，简直完美。
69,远峰蓝色,128GB,"外形外观：远蓝峰随着光线环境而改变颜色，手感很好，就是边框上容易留下指纹抗油污差，得带套使用
屏幕音效：声音音质浑厚
拍照效果：拍照效果杠杠的，没的说
运行速度：玩游戏反应速度非常快，自适应高刷
待机时间：不使用的情况下，大概一周左右"
70,石墨色,256GB,用了一段时间才来的评论，确实是感觉拿到手机还是觉得不一样的，倍有面子个人觉得哈（不喜勿喷）包括手机?流畅度很好，性能简直好的不行，入手这个苹果13pro是经过深思熟虑，而且买到也很喜欢??充电还是挺快的，现在是两部手机共用（苹果8P）功能这些有了巨大的提升，很喜欢拍照?的电影?效果，还有就是面容解锁，我感觉买了那么多东西，第一次写了那么长的好评评论，也是很高兴的，一如既往的支持京东，哈哈哈??????
71,远峰蓝色,256GB,"外形外观：不用说了，个人觉得蓝色的好看，
拍照效果：拍照也很清晰
待机时间：一天够用
运行速度：平时游戏流畅流畅爽歪歪，总之牛牛"
72,远峰蓝色,256GB,超高颜值.手感特别好！大小合适.对于男生来说.这重量绝对可以接受..很有质感！
73,金色,256GB,昨天晚上下单 今天中午就收到货了 ！苹果13pro ，东西很不错 从外观到反应速度 再到照相机的功能 都是非常的好 ！这一点使用过的人应该都知道。同时买了无线耳机 耳机的功能挺好，音质也非常好 总体满意 ！
74,金色,256GB,外形外观：边框金属质感很好；宽度合适，女生单手握感舒适；做工精致，品控良好，边角处无硌手感；金@泽均匀。屏幕音效：屏幕显示清晰细腻，无粉绿屏情况出现；直面屏视感好且不易碎裂。拍照效果：对景物本色还原好，长焦镜头拍照实际体验优秀；电影模式简单好用。运行速度：Pro版本下A15芯片、6G大运存配合IOS系统，运行速度快且杀后台情况几乎没有。待机时间：3000多毫安电池容量诚意更足，待机时长比上代版本有明显提升。其他特色：屏幕素质顶级，自适应高刷省电显示效果又有保障。更大容量电池，待机更长。已经查了各种序列号等，确定为原装正品。同时京东物流送货速度快，包装严实，服务态度好。
75,远峰蓝色,1TB,苹果品质 坚如磐石 值得信赖
76,远峰蓝色,128GB,"外形外观：很精致
屏幕音效：声音很大 音效不错
拍照效果：很清楚 相机有很多功能 电影效果就很不错?
运行速度：很流畅
待机时间：比以前的久点了
颜色很好看 摸起来很有质感"
77,石墨色,128GB,"拍照效果：拍照效果色彩真，图像细腻。电池续航：电
池续航有所提升，延长使用2小时 通信音质：音质干干净
净，背景没杂音，非常好 运行速度：A15运行速度没的
说，非常流畅，看视频打游戏得心应手 显示效果：超级视
网膜屏，色彩真，不伤眼睛 其他特色：第一时间来评
价，首先手机是国行正品，和商家描述的一样，运行速度
超级快，商家服务态度非常好。"
78,石墨色,256GB,很完美的一次购物体验，黑色这款一直没货，早上吃早餐无意中看到有货，立马就下单了，没想到上午9九点下单，下午四点多就到了，有种速度叫京东物流，包装完好无损，没有任何瑕疵。买的充电器套装，相当于只需加九块钱邮费，就可以得到苹果原装充电器，东哥帮苹果做了该做的事，真的超级划算。感谢京东～，可能是疫情原因才缺货吧，建议想要的小伙伴多多蹲一下～
79,远峰蓝色,256GB,手机使用很流畅，A15芯片我愿称作当代最强，外观没得说，拿在手上这质量无敌，电池续航强，手机各项功能还在摸索中，苹果的东西就是没得说，好评。
80,远峰蓝色,256GB,物流太快了，第二天就到了。宝贝很好，不得不说，客服态度也太好了吧！拍照功能很强大。夜景模式非常清晰。很亮。运行速度也是一流的。高刷屏幕非常丝滑，手机大小也很合适。拿着很舒服。续航能力有了很大提升。。。
81,远峰蓝色,256GB,"超好看的远峰蓝色！?
绝绝子的渐变色！13pro可以随着光线呈现渐变的白灰色！好看绝了！哈哈哈哈真的??
?光线暗的时候就跟白色一样一样的
?用12pm后置原图拍的！没有滤镜～  ???"
82,远峰蓝色,256GB,"外形外观：原来用的7p，可能习惯了，感觉原来的手感好。
屏幕音效：没得说，很好
拍照效果：清晰了很多
运行速度：很快啊，刷刷的
待机时间：刚拿到手，还不清楚
其他特色：不太会倒数据，感觉挺麻烦的"
83,远峰蓝色,128GB,"外形外观：经典的4s外观设计，我第一台苹果就是4s，之前还是用的nokiaE71，第一眼看到苹果手机还是朋友手上的4s，初看就觉得好漂亮，系统方面也很简洁，是我喜欢的设计，无论外观还是ios，后来买的首发6sp，就一直用到现在才换13p，大部分都很满意，除了价格和电池！
运行速度：跟我的6年的6sp比那肯定是流畅的不行了，用了这么久确实很卡了，不过现在也依旧还在服役了，真的坚挺，质量也没的说的，6年还在用的6sp依然使用中，舍不得它了都！
拍照效果：拍照方面平时用的还挺多，广角镜头很有用，成像效果个人觉得很不错了，就是放大拍的话还是不能看了哈！"
84,石墨色,256GB,"外形外观：没得说很不错，今年最好手机
屏幕音效：还未使用，后期反馈
拍照效果：刚刚的
运行速度：一个一块的不得了
待机时间：随便使用吧
其他特色：非常饿好哈哈哈的
本年度最好的手机，值得大家拥有"
85,远峰蓝色,128GB,"外形外观：颜色超级OK，喜爱
屏幕音效：音效不错哦
拍照效果：提升不错，效果挺好
待机时间：有待观察
运行速度：速度超级爽"
86,苍岭绿色,128GB,"手机收到?，颜色超级好看，超级超级好看，新绿色，很时尚，摄像曝光问题可以调整参数，很不错?，推荐推荐，已经在这入手两台了，很不错，推荐给同事了
不错不错?，送给女朋友的，她很喜欢?&hellip;&hellip;&hellip;&hellip;
爱不释手哦&hellip;&hellip;
外形外观：很好
屏幕音效：很顺畅
拍照效果：不错，拍人物曝光可以调整
运行速度：很快
待机时间：还不错
其他特色：颜色很好看"
87,远峰蓝色,256GB,"外形外观：很漂亮！
屏幕音效：很强大
拍照效果：无敌！
运行速度：快！
待机时间：长！
其他特色：用过后在评价吧！第一次用这个牌子！"
88,远峰蓝色,128GB,"外形外观：直角边框看着也不错，手感也可以，后背摄像头模组巨大，主要是max太大了，所以买的小pro
屏幕音效：双扬声器效果很好
拍照效果：不错，速度快，前置摄像头很自然
运行速度：好像挺快的，毕竟新手机
待机时间：能用一天"
89,石墨色,128GB,"外形外观：手感舒适！质地细腻！
屏幕音效：清晰明了！声音动听！
拍照效果：非常不错、
运行速度：感觉比11快了很多！
待机时间：不玩游戏一天下来还有68%！
其他特色：用了这么久，没感觉到发烫！以前用11充电都感觉烫！"
90,金色,256GB,"拍照效果：非常棒，尤其是广角，放大缩小很方便，业余短视频创作效果很理想
运行速度：流畅丝滑
外形外观：单手操作稍微费点劲，那是因为它屏幕大
屏幕音效：看个电影音效很棒"
91,远峰蓝色,256GB,收到货了，啊，真香！长焦镜头yyds，拍照，拍视频绝了，个人也是非常喜欢拍照啥的。镜头很大，要比之前用的11大好多，凸出的感觉好高，但这并不影响，问题不大，哈哈。嗯，nice   外观没得说，好看。系统还是一样的丝滑。双扬听歌看视频都很舒服，音质很好。待机时间个人感觉还是有点短。
92,金色,256GB,"外形外观：漂亮，回归经典！比老的6sp整体要小一圈，但要厚一点，重量还重一点
屏幕音效：全面屏了嘛，机身小一点但是屏幕大。6.1英寸比老的6sp的5.5英寸要长一截，略微窄一点，音效非常好，对话身临其境
拍照效果：杠杠的，真实是苹果最大的优势，所拍即所见。隔了几代换机，简直是翻天覆地，三颗大摄像头，各司所职，比起12，光变增加到3倍，非常棒，终于基本赶上主流了。人像功能和电影模式非常好，傻瓜出片！暗光表现也很好，比肉眼所见整体亮度好像要稍微高一点，但明暗分明、符合真实的比例。
运行速度：运行速度：6sp的2G运存都依然流畅，更何况13pro提高到了6G运存。那丝滑感让人爱不释手。
待机时间：不错！正常中度使用，一天10小时够用，基本能剩40%左右。
其他特色：高刷！终于上了高刷，而且是独门秘笈自适应刷新率！提高体验，还能提高综合续航，反正肉眼只会感觉到高刷的升级感。

综述：13香！虽然13比13pro便宜了2000块，比12的起步价还便宜，貌似更具性价比。但是13pro比13提升很多，而且和promax的差距比上一代缩小了，所以综合重量手感便携等因素（给老婆用的）最终选择了13pro（promax续航再好也终究逃不过一天一充?）"
93,远峰蓝色,256GB,"电池续航：很好，充满用一整天都不用充，比之前的苹果手机经用很多。
通信音质：国行的信号还是可以的 。
显示效果：屏幕看起来很舒服 
拍照效果：拍照效果很nice 原相机自拍也很真实，相比之前的 这个拍起来感觉自带美颜功能 哈哈哈 真心喜欢 
运行速度：运行速度也很快，很喜欢。 
其他特色：远峰蓝很好看，哈哈 高大上"
94,石墨色,256GB,"17号赶紧抢了第一波，24号就到货了。本来已经用华为好几年了，买了宝马车才知道宝马跟苹果是有合作出无线Carplay的，刚好老的iPhone7在宝马无线Carplay已经发热到死机了，买了iPhone13可以当车机用，开了一下午车也没有怎么发热。
iPhone13新增加了微距很不错，树叶的纹路可以看得到很细腻，以后可以少带一个单反镜头出门了。
大家说的有鬼影是真的，我拍了车灯，立马就出来了。
至于电影摄像功能等过节找小伙伴一起再测试一下。"
95,远峰蓝色,128GB,13p香是真的香，蓝色好看，不是深蓝色的，金属质感手感很舒服。配置高。摄像头也很优秀，拍出来效果很棒，运行速度快，你值得拥有。各方面都还不错。香。
96,银色,256GB,"外形外观：哈哈，好看
屏幕音效：屏幕漂亮 音质好听
拍照效果：杠杠的，喜欢
运行速度：速度牛逼，快
待机时间：牛逼了，比12好多了
其他特色：价格可以，带发票，物流也很快！"
97,远峰蓝色,256GB,很流畅，高刷纵享丝滑！13pro256只能说早买早享受，拍照很给力，黑暗中绽放光芒，再也不用担心光线不好拍照不清楚了，继续使用观察，后续追评！
98,远峰蓝色,256GB,买了一个多月才来评论，体验非常好。第一、速度很快。相对于用了三年的iPhone X要快了很多；第二、摄像头霸气、对焦速度快、成像质量好；第三、iOS系统流畅、很好用，其次配合Mac使用，简直完美。
99,远峰蓝色,128GB,"外形外观：远蓝峰随着光线环境而改变颜色，手感很好，就是边框上容易留下指纹抗油污差，得带套使用
屏幕音效：声音音质浑厚
拍照效果：拍照效果杠杠的，没的说
运行速度：玩游戏反应速度非常快，自适应高刷
待机时间：不使用的情况下，大概一周左右"
100,石墨色,256GB,用了一段时间才来的评论，确实是感觉拿到手机还是觉得不一样的，倍有面子个人觉得哈（不喜勿喷）包括手机?流畅度很好，性能简直好的不行，入手这个苹果13pro是经过深思熟虑，而且买到也很喜欢??充电还是挺快的，现在是两部手机共用（苹果8P）功能这些有了巨大的提升，很喜欢拍照?的电影?效果，还有就是面容解锁，我感觉买了那么多东西，第一次写了那么长的好评评论，也是很高兴的，一如既往的支持京东，哈哈哈??????
101,远峰蓝色,256GB,"外形外观：不用说了，个人觉得蓝色的好看，
拍照效果：拍照也很清晰
待机时间：一天够用
运行速度：平时游戏流畅流畅爽歪歪，总之牛牛"
102,远峰蓝色,256GB,超高颜值.手感特别好！大小合适.对于男生来说.这重量绝对可以接受..很有质感！
103,金色,256GB,昨天晚上下单 今天中午就收到货了 ！苹果13pro ，东西很不错 从外观到反应速度 再到照相机的功能 都是非常的好 ！这一点使用过的人应该都知道。同时买了无线耳机 耳机的功能挺好，音质也非常好 总体满意 ！
104,金色,256GB,外形外观：边框金属质感很好；宽度合适，女生单手握感舒适；做工精致，品控良好，边角处无硌手感；金@泽均匀。屏幕音效：屏幕显示清晰细腻，无粉绿屏情况出现；直面屏视感好且不易碎裂。拍照效果：对景物本色还原好，长焦镜头拍照实际体验优秀；电影模式简单好用。运行速度：Pro版本下A15芯片、6G大运存配合IOS系统，运行速度快且杀后台情况几乎没有。待机时间：3000多毫安电池容量诚意更足，待机时长比上代版本有明显提升。其他特色：屏幕素质顶级，自适应高刷省电显示效果又有保障。更大容量电池，待机更长。已经查了各种序列号等，确定为原装正品。同时京东物流送货速度快，包装严实，服务态度好。
105,远峰蓝色,1TB,苹果品质 坚如磐石 值得信赖
106,远峰蓝色,128GB,"外形外观：很精致
屏幕音效：声音很大 音效不错
拍照效果：很清楚 相机有很多功能 电影效果就很不错?
运行速度：很流畅
待机时间：比以前的久点了
颜色很好看 摸起来很有质感"
107,石墨色,128GB,"拍照效果：拍照效果色彩真，图像细腻。电池续航：电
池续航有所提升，延长使用2小时 通信音质：音质干干净
净，背景没杂音，非常好 运行速度：A15运行速度没的
说，非常流畅，看视频打游戏得心应手 显示效果：超级视
网膜屏，色彩真，不伤眼睛 其他特色：第一时间来评
价，首先手机是国行正品，和商家描述的一样，运行速度
超级快，商家服务态度非常好。"
108,石墨色,256GB,很完美的一次购物体验，黑色这款一直没货，早上吃早餐无意中看到有货，立马就下单了，没想到上午9九点下单，下午四点多就到了，有种速度叫京东物流，包装完好无损，没有任何瑕疵。买的充电器套装，相当于只需加九块钱邮费，就可以得到苹果原装充电器，东哥帮苹果做了该做的事，真的超级划算。感谢京东～，可能是疫情原因才缺货吧，建议想要的小伙伴多多蹲一下～
109,远峰蓝色,256GB,手机使用很流畅，A15芯片我愿称作当代最强，外观没得说，拿在手上这质量无敌，电池续航强，手机各项功能还在摸索中，苹果的东西就是没得说，好评。
110,远峰蓝色,256GB,物流太快了，第二天就到了。宝贝很好，不得不说，客服态度也太好了吧！拍照功能很强大。夜景模式非常清晰。很亮。运行速度也是一流的。高刷屏幕非常丝滑，手机大小也很合适。拿着很舒服。续航能力有了很大提升。。。
111,远峰蓝色,256GB,"超好看的远峰蓝色！?
绝绝子的渐变色！13pro可以随着光线呈现渐变的白灰色！好看绝了！哈哈哈哈真的??
?光线暗的时候就跟白色一样一样的
?用12pm后置原图拍的！没有滤镜～  ???"
112,远峰蓝色,256GB,"外形外观：原来用的7p，可能习惯了，感觉原来的手感好。
屏幕音效：没得说，很好
拍照效果：清晰了很多
运行速度：很快啊，刷刷的
待机时间：刚拿到手，还不清楚
其他特色：不太会倒数据，感觉挺麻烦的"
113,远峰蓝色,128GB,"外形外观：经典的4s外观设计，我第一台苹果就是4s，之前还是用的nokiaE71，第一眼看到苹果手机还是朋友手上的4s，初看就觉得好漂亮，系统方面也很简洁，是我喜欢的设计，无论外观还是ios，后来买的首发6sp，就一直用到现在才换13p，大部分都很满意，除了价格和电池！
运行速度：跟我的6年的6sp比那肯定是流畅的不行了，用了这么久确实很卡了，不过现在也依旧还在服役了，真的坚挺，质量也没的说的，6年还在用的6sp依然使用中，舍不得它了都！
拍照效果：拍照方面平时用的还挺多，广角镜头很有用，成像效果个人觉得很不错了，就是放大拍的话还是不能看了哈！"
114,石墨色,256GB,"外形外观：没得说很不错，今年最好手机
屏幕音效：还未使用，后期反馈
拍照效果：刚刚的
运行速度：一个一块的不得了
待机时间：随便使用吧
其他特色：非常饿好哈哈哈的
本年度最好的手机，值得大家拥有"
115,远峰蓝色,128GB,"外形外观：颜色超级OK，喜爱
屏幕音效：音效不错哦
拍照效果：提升不错，效果挺好
待机时间：有待观察
运行速度：速度超级爽"
116,苍岭绿色,128GB,"手机收到?，颜色超级好看，超级超级好看，新绿色，很时尚，摄像曝光问题可以调整参数，很不错?，推荐推荐，已经在这入手两台了，很不错，推荐给同事了
不错不错?，送给女朋友的，她很喜欢?&hellip;&hellip;&hellip;&hellip;
爱不释手哦&hellip;&hellip;
外形外观：很好
屏幕音效：很顺畅
拍照效果：不错，拍人物曝光可以调整
运行速度：很快
待机时间：还不错
其他特色：颜色很好看"
117,远峰蓝色,256GB,"外形外观：很漂亮！
屏幕音效：很强大
拍照效果：无敌！
运行速度：快！
待机时间：长！
其他特色：用过后在评价吧！第一次用这个牌子！"
118,远峰蓝色,128GB,"外形外观：直角边框看着也不错，手感也可以，后背摄像头模组巨大，主要是max太大了，所以买的小pro
屏幕音效：双扬声器效果很好
拍照效果：不错，速度快，前置摄像头很自然
运行速度：好像挺快的，毕竟新手机
待机时间：能用一天"
119,石墨色,128GB,"外形外观：手感舒适！质地细腻！
屏幕音效：清晰明了！声音动听！
拍照效果：非常不错、
运行速度：感觉比11快了很多！
待机时间：不玩游戏一天下来还有68%！
其他特色：用了这么久，没感觉到发烫！以前用11充电都感觉烫！"
120,金色,256GB,"拍照效果：非常棒，尤其是广角，放大缩小很方便，业余短视频创作效果很理想
运行速度：流畅丝滑
外形外观：单手操作稍微费点劲，那是因为它屏幕大
屏幕音效：看个电影音效很棒"
121,远峰蓝色,256GB,"通信音质：双杨声器看电影就像在电影院的感觉 其他特色：外观真的很赞 稍微有点重 显示效果：看起来很舒服
一直用苹果手机，上一部用的苹果11，觉得新出的这个颜色挺好看的，就立马下单了，发货很及时，转天就收到了，使用感特别好，以后还会继续光顾的！"
122,远峰蓝色,256GB,"手机已经收到用了几天非常好用，256G内存刚刚好。京东够物省心放心安心???
外形外观：大气好看
屏幕音效：非常棒
拍照效果：清楚
运行速度：丝滑快
待机时间：很长"
123,苍岭绿色,256GB,"手机收到了，刚开始担心是不是新机，打开验证以后，没问题，纯新机。手感不错，果真是13香，开森。
外形外观：大气上档次
屏幕音效：很正
拍照效果：画面感很强
运行速度：流畅"
124,远峰蓝色,256GB,"外形外观：实在是太漂亮了拿在手上很有分量
屏幕音效：非常适合
拍照效果：照片质量不错
运行速度：运行速度很流畅，可以满足基本需求的功能
其他特色：目前可以待机一天，希望可以越用越好用"
125,远峰蓝色,256GB,"外形外观：苹果13 Pro外观很有档次，对比老手机苹果x 直角线性的设计看起来更高档
屏幕音效：屏幕显示特别细腻，刷屏率也很高，游戏很爽
拍照效果：拍照超级棒，拍视频的电影效果出来赞到不行
运行速度：运行特别快，高端手机用十多个软件都不卡"
126,苍岭绿色,128GB,"外形外观：手机相当给力，高级感满满
屏幕音效：屏幕没得说，细腻
拍照效果：拍照给力堪比相机
运行速度：速度玩任何游戏都没的问题"
127,银色,256GB,"iPhone13Pro是性价比比较高的一款苹果手机。iOS系统运行流畅，简洁好用，安全性高，易于使用。屏幕清晰细腻，很有通透感，屏幕看着很舒服，是素质很高的一块屏幕。拍照一直很不错，使用默认模式就拍得很好。iPhone13Pro带自适应高刷，体验效果很好,同时也使电池更加耐用，提高了续航。总体来说，iPhone13Pro是一 款水桶机,各方面都很优秀。"
128,远峰蓝色,256GB,"外形外观：13PRO真的适合喜欢小屏人士，电池续航比13好，也没有MAX那种重
屏幕音效：屏幕顶呱呱，没得说啦
拍照效果：电影模式真的很赞！
运行速度：自适应刷新率，打游戏看视频刷网页真的牛"
129,苍岭绿色,256GB,"外形外观：好看
屏幕音效：好听
拍照效果：轻易
运行速度：很快
待机时间：很长，这个时候买的机器设备实在太香了，实在太喜欢了，大家快来买买买，把老的机器卖掉，换成这个吧，非常满意"
130,石墨色,128GB,"外形外观：外观设计感觉也就那么回事儿。就是摄像头镜头这个。太突出了，吐出来了很高。
屏幕音效：屏幕效果非常不错，高分辨率高刷屏了。
拍照效果：拍照效果pro就是不一样，比普通款的拍照效果强大很多。
运行速度：就像速度也非常快。
待机时间：待机时间感觉还行。
其他特色：核实一笔起来没有那么圆润。有棱有角的。我觉得还是圆润点好。"
131,石墨色,256GB,手机很有分量，比xs大一个小边边。拍照的效果真的没得说，超级清晰，系统速度快。还是黑色经典耐看。
132,银色,256GB,"外形外观：漂亮
屏幕音效：显示效果非常棒
拍照效果：很真实，自然拍照效果很好
运行速度：强大的芯片很快的速度
待机时间：还行
其他特色：买了无线充电器，搭配起来使用非常的舒服"
133,金色,128GB,"新手机到了！超级兴奋！感觉金色比蓝色更好看呢，蓝色有点雾蒙蒙的，太灰了，还是金色好看！！
连抢了三天终于在最后一天抢到了 等了五天发货，一天就到了。"
134,苍岭绿色,128GB,"外形外观：外形非常好看，最新款的颜色，炫的一批，拿在手上尺寸也很舒服，
屏幕音效：屏幕很大，看着很舒服
拍照效果：拍照效果也非常不错
运行速度：运行速度也很快
待机时间：待机时间很长"
135,远峰蓝色,256GB,"外形外观：外观时尚，手感特别舒服
屏幕音效：屏幕艳亮，触屏轻巧，声音清楚没杂音"
136,苍岭绿色,256GB,第一次买手机没有充电器的
137,石墨色,256GB,深空灰色非常有质感，包装的颜色就很低调大气。手机外观很好看，不锈钢的边框相当有质感。这次Pro的屏幕是可变刷新率，体验很好很流畅。拍照效果也相当强，微距相比上代提升巨大。运行速度快，续航也提升很多，总体满意
138,远峰蓝色,128GB,"外形外观：比之前的重了也厚些
拍照效果：?明显的更清晰
运行速度：升级了用了5g
待机时间：比之前用的xsmax时间更长了
其他特色：颜色特别喜欢"
139,远峰蓝色,256GB,13香是真的香，整体体验感很好，非常棒，质感好，系统流畅，体验感一流！！！！！！！超薄手感，电池耐用，人性化。照相功能强大，高清像素！
140,远峰蓝色,256GB,"外形外观：非常的好看，这外观非常nice。嘿嘿
屏幕音效：非常响亮，跟我的大哥大差不多
拍照效果：很清晰，目前用过拍照最好的一部
运行速度：非常快。"
141,远峰蓝色,256GB,13pro终于在3号抢到一台，颜色很内敛，有时候在强光下呈现灰色，比较好看，高刷新率体验很明显，丝般顺滑，屏幕颜色很好，值得推荐
142,远峰蓝色,256GB,"外观设计漂亮，尺寸大小合适，包装仔细完整，宝贝手感不错，感觉很好，发货速度快，服务态度一流，给力！5星好评！
外形外观：方正不割手
屏幕音效：显示很好，还原色彩
拍照效果：效果杠杠滴
运行速度：很快
待机时间：很持久"
143,远峰蓝色,256GB,双扬声器看电影真不错，就像在电影院看电影一样的音质，画质很不错，屏幕细腻，拍照清晰特别是拍夜景好看。切换流畅，打开网页很快，就是信号不比国产好，其他的都不错。
144,远峰蓝色,256GB,"外形外观：满分，双十一买的，发货的效率还是很高的，没想到一周左右就到了，点赞！
拍照效果：比我的12pro还要好
运行速度：一个字绝！
屏幕音效：高刷屏幕看着真舒服，视觉效果拉满"
145,远峰蓝色,256GB,"很喜欢，一直心仪的苹果手机，爱疯13香，很香很香香！！！
外形外观：美观大方
屏幕音效：很好
拍照效果：效果很好
运行速度：速度快"
146,石墨色,256GB,"双十一力度很大，买到价格很合适哦
外形外观：依然那么帅气十足，屏幕大小女孩子用刚刚好，单手操作也方便。
待机时间：一天时间吧，苹果也就这样了
拍照效果：不错哦，逼真
运行速度：快就一个字"
147,远峰蓝色,128GB,心心念念的苹果小13终于到了。颜值打卡。没美呢，从来没让我失望过。原来用的11，内存容量太小了。现在两个宝宝拍照视频都不够用。现在完美了。姐妹们冲冲冲！
148,远峰蓝色,256GB,用了有一段时间了，已经有评价的资格了，运行速度、拍照没得说。裸机手感超级棒，我一般是早上满电出去，然后用一天，一直到晚上还能有最少20的电量，续航已经算iPhone里不错的了！然后打游戏非常的流畅，无卡顿无吊针，赞！
149,远峰蓝色,128GB,年货节购买，价格超级给力！比官网便宜，到货查了序列号，是正品，未激活的！远峰蓝色很好看，后盖玻璃材质，手感也不错！性能依旧是手机届的天花板，ios系统丝滑流畅，电池容量够用，待机时间挺长的，总体非常满意！
150,远峰蓝色,128GB,收到后太激动了，十三香是真的十三香，远峰蓝高端大气上档次，拿到手机质感棒棒哒！！以前出门需要带单反，现在一部十三香就搞定了，画质清晰，曝光率高，完美！！运行速度大家都知道，那是太快了，完全不卡顿！！
151,远峰蓝色,256GB,收到货了，啊，真香！长焦镜头yyds，拍照，拍视频绝了，个人也是非常喜欢拍照啥的。镜头很大，要比之前用的11大好多，凸出的感觉好高，但这并不影响，问题不大，哈哈。嗯，nice   外观没得说，好看。系统还是一样的丝滑。双扬听歌看视频都很舒服，音质很好。待机时间个人感觉还是有点短。
152,金色,256GB,"外形外观：漂亮，回归经典！比老的6sp整体要小一圈，但要厚一点，重量还重一点
屏幕音效：全面屏了嘛，机身小一点但是屏幕大。6.1英寸比老的6sp的5.5英寸要长一截，略微窄一点，音效非常好，对话身临其境
拍照效果：杠杠的，真实是苹果最大的优势，所拍即所见。隔了几代换机，简直是翻天覆地，三颗大摄像头，各司所职，比起12，光变增加到3倍，非常棒，终于基本赶上主流了。人像功能和电影模式非常好，傻瓜出片！暗光表现也很好，比肉眼所见整体亮度好像要稍微高一点，但明暗分明、符合真实的比例。
运行速度：运行速度：6sp的2G运存都依然流畅，更何况13pro提高到了6G运存。那丝滑感让人爱不释手。
待机时间：不错！正常中度使用，一天10小时够用，基本能剩40%左右。
其他特色：高刷！终于上了高刷，而且是独门秘笈自适应刷新率！提高体验，还能提高综合续航，反正肉眼只会感觉到高刷的升级感。

综述：13香！虽然13比13pro便宜了2000块，比12的起步价还便宜，貌似更具性价比。但是13pro比13提升很多，而且和promax的差距比上一代缩小了，所以综合重量手感便携等因素（给老婆用的）最终选择了13pro（promax续航再好也终究逃不过一天一充?）"
153,远峰蓝色,256GB,"电池续航：很好，充满用一整天都不用充，比之前的苹果手机经用很多。
通信音质：国行的信号还是可以的 。
显示效果：屏幕看起来很舒服 
拍照效果：拍照效果很nice 原相机自拍也很真实，相比之前的 这个拍起来感觉自带美颜功能 哈哈哈 真心喜欢 
运行速度：运行速度也很快，很喜欢。 
其他特色：远峰蓝很好看，哈哈 高大上"
154,石墨色,256GB,"17号赶紧抢了第一波，24号就到货了。本来已经用华为好几年了，买了宝马车才知道宝马跟苹果是有合作出无线Carplay的，刚好老的iPhone7在宝马无线Carplay已经发热到死机了，买了iPhone13可以当车机用，开了一下午车也没有怎么发热。
iPhone13新增加了微距很不错，树叶的纹路可以看得到很细腻，以后可以少带一个单反镜头出门了。
大家说的有鬼影是真的，我拍了车灯，立马就出来了。
至于电影摄像功能等过节找小伙伴一起再测试一下。"
155,远峰蓝色,128GB,13p香是真的香，蓝色好看，不是深蓝色的，金属质感手感很舒服。配置高。摄像头也很优秀，拍出来效果很棒，运行速度快，你值得拥有。各方面都还不错。香。
156,银色,256GB,"外形外观：哈哈，好看
屏幕音效：屏幕漂亮 音质好听
拍照效果：杠杠的，喜欢
运行速度：速度牛逼，快
待机时间：牛逼了，比12好多了
其他特色：价格可以，带发票，物流也很快！"
157,远峰蓝色,256GB,很流畅，高刷纵享丝滑！13pro256只能说早买早享受，拍照很给力，黑暗中绽放光芒，再也不用担心光线不好拍照不清楚了，继续使用观察，后续追评！
158,远峰蓝色,256GB,买了一个多月才来评论，体验非常好。第一、速度很快。相对于用了三年的iPhone X要快了很多；第二、摄像头霸气、对焦速度快、成像质量好；第三、iOS系统流畅、很好用，其次配合Mac使用，简直完美。
159,远峰蓝色,128GB,"外形外观：远蓝峰随着光线环境而改变颜色，手感很好，就是边框上容易留下指纹抗油污差，得带套使用
屏幕音效：声音音质浑厚
拍照效果：拍照效果杠杠的，没的说
运行速度：玩游戏反应速度非常快，自适应高刷
待机时间：不使用的情况下，大概一周左右"
160,石墨色,256GB,用了一段时间才来的评论，确实是感觉拿到手机还是觉得不一样的，倍有面子个人觉得哈（不喜勿喷）包括手机?流畅度很好，性能简直好的不行，入手这个苹果13pro是经过深思熟虑，而且买到也很喜欢??充电还是挺快的，现在是两部手机共用（苹果8P）功能这些有了巨大的提升，很喜欢拍照?的电影?效果，还有就是面容解锁，我感觉买了那么多东西，第一次写了那么长的好评评论，也是很高兴的，一如既往的支持京东，哈哈哈??????
161,远峰蓝色,256GB,"外形外观：不用说了，个人觉得蓝色的好看，
拍照效果：拍照也很清晰
待机时间：一天够用
运行速度：平时游戏流畅流畅爽歪歪，总之牛牛"
162,远峰蓝色,256GB,超高颜值.手感特别好！大小合适.对于男生来说.这重量绝对可以接受..很有质感！
163,金色,256GB,昨天晚上下单 今天中午就收到货了 ！苹果13pro ，东西很不错 从外观到反应速度 再到照相机的功能 都是非常的好 ！这一点使用过的人应该都知道。同时买了无线耳机 耳机的功能挺好，音质也非常好 总体满意 ！
164,金色,256GB,外形外观：边框金属质感很好；宽度合适，女生单手握感舒适；做工精致，品控良好，边角处无硌手感；金@泽均匀。屏幕音效：屏幕显示清晰细腻，无粉绿屏情况出现；直面屏视感好且不易碎裂。拍照效果：对景物本色还原好，长焦镜头拍照实际体验优秀；电影模式简单好用。运行速度：Pro版本下A15芯片、6G大运存配合IOS系统，运行速度快且杀后台情况几乎没有。待机时间：3000多毫安电池容量诚意更足，待机时长比上代版本有明显提升。其他特色：屏幕素质顶级，自适应高刷省电显示效果又有保障。更大容量电池，待机更长。已经查了各种序列号等，确定为原装正品。同时京东物流送货速度快，包装严实，服务态度好。
165,远峰蓝色,1TB,苹果品质 坚如磐石 值得信赖
166,远峰蓝色,128GB,"外形外观：很精致
屏幕音效：声音很大 音效不错
拍照效果：很清楚 相机有很多功能 电影效果就很不错?
运行速度：很流畅
待机时间：比以前的久点了
颜色很好看 摸起来很有质感"
167,石墨色,128GB,"拍照效果：拍照效果色彩真，图像细腻。电池续航：电
池续航有所提升，延长使用2小时 通信音质：音质干干净
净，背景没杂音，非常好 运行速度：A15运行速度没的
说，非常流畅，看视频打游戏得心应手 显示效果：超级视
网膜屏，色彩真，不伤眼睛 其他特色：第一时间来评
价，首先手机是国行正品，和商家描述的一样，运行速度
超级快，商家服务态度非常好。"
168,石墨色,256GB,很完美的一次购物体验，黑色这款一直没货，早上吃早餐无意中看到有货，立马就下单了，没想到上午9九点下单，下午四点多就到了，有种速度叫京东物流，包装完好无损，没有任何瑕疵。买的充电器套装，相当于只需加九块钱邮费，就可以得到苹果原装充电器，东哥帮苹果做了该做的事，真的超级划算。感谢京东～，可能是疫情原因才缺货吧，建议想要的小伙伴多多蹲一下～
169,远峰蓝色,256GB,手机使用很流畅，A15芯片我愿称作当代最强，外观没得说，拿在手上这质量无敌，电池续航强，手机各项功能还在摸索中，苹果的东西就是没得说，好评。
170,远峰蓝色,256GB,物流太快了，第二天就到了。宝贝很好，不得不说，客服态度也太好了吧！拍照功能很强大。夜景模式非常清晰。很亮。运行速度也是一流的。高刷屏幕非常丝滑，手机大小也很合适。拿着很舒服。续航能力有了很大提升。。。
171,远峰蓝色,256GB,"超好看的远峰蓝色！?
绝绝子的渐变色！13pro可以随着光线呈现渐变的白灰色！好看绝了！哈哈哈哈真的??
?光线暗的时候就跟白色一样一样的
?用12pm后置原图拍的！没有滤镜～  ???"
172,远峰蓝色,256GB,"外形外观：原来用的7p，可能习惯了，感觉原来的手感好。
屏幕音效：没得说，很好
拍照效果：清晰了很多
运行速度：很快啊，刷刷的
待机时间：刚拿到手，还不清楚
其他特色：不太会倒数据，感觉挺麻烦的"
173,远峰蓝色,128GB,"外形外观：经典的4s外观设计，我第一台苹果就是4s，之前还是用的nokiaE71，第一眼看到苹果手机还是朋友手上的4s，初看就觉得好漂亮，系统方面也很简洁，是我喜欢的设计，无论外观还是ios，后来买的首发6sp，就一直用到现在才换13p，大部分都很满意，除了价格和电池！
运行速度：跟我的6年的6sp比那肯定是流畅的不行了，用了这么久确实很卡了，不过现在也依旧还在服役了，真的坚挺，质量也没的说的，6年还在用的6sp依然使用中，舍不得它了都！
拍照效果：拍照方面平时用的还挺多，广角镜头很有用，成像效果个人觉得很不错了，就是放大拍的话还是不能看了哈！"
174,石墨色,256GB,"外形外观：没得说很不错，今年最好手机
屏幕音效：还未使用，后期反馈
拍照效果：刚刚的
运行速度：一个一块的不得了
待机时间：随便使用吧
其他特色：非常饿好哈哈哈的
本年度最好的手机，值得大家拥有"
175,远峰蓝色,128GB,"外形外观：颜色超级OK，喜爱
屏幕音效：音效不错哦
拍照效果：提升不错，效果挺好
待机时间：有待观察
运行速度：速度超级爽"
176,苍岭绿色,128GB,"手机收到?，颜色超级好看，超级超级好看，新绿色，很时尚，摄像曝光问题可以调整参数，很不错?，推荐推荐，已经在这入手两台了，很不错，推荐给同事了
不错不错?，送给女朋友的，她很喜欢?&hellip;&hellip;&hellip;&hellip;
爱不释手哦&hellip;&hellip;
外形外观：很好
屏幕音效：很顺畅
拍照效果：不错，拍人物曝光可以调整
运行速度：很快
待机时间：还不错
其他特色：颜色很好看"
177,远峰蓝色,256GB,"外形外观：很漂亮！
屏幕音效：很强大
拍照效果：无敌！
运行速度：快！
待机时间：长！
其他特色：用过后在评价吧！第一次用这个牌子！"
178,远峰蓝色,128GB,"外形外观：直角边框看着也不错，手感也可以，后背摄像头模组巨大，主要是max太大了，所以买的小pro
屏幕音效：双扬声器效果很好
拍照效果：不错，速度快，前置摄像头很自然
运行速度：好像挺快的，毕竟新手机
待机时间：能用一天"
179,石墨色,128GB,"外形外观：手感舒适！质地细腻！
屏幕音效：清晰明了！声音动听！
拍照效果：非常不错、
运行速度：感觉比11快了很多！
待机时间：不玩游戏一天下来还有68%！
其他特色：用了这么久，没感觉到发烫！以前用11充电都感觉烫！"
180,金色,256GB,"拍照效果：非常棒，尤其是广角，放大缩小很方便，业余短视频创作效果很理想
运行速度：流畅丝滑
外形外观：单手操作稍微费点劲，那是因为它屏幕大
屏幕音效：看个电影音效很棒"
181,石墨色,99新【128G】,送的速度挺好，真机拿到手很新，跟全新没什么区别，第一次在京东下单拍拍，可不要让人失望，店家客服态度很不错，另外后面体验会继续反馈，
182,远峰蓝色,99新【512G】,视频效果真的没有的说啦&hellip;&hellip;三倍效果也不损失，不错，关键机器很新很新，买苹果手机主要是为了拍视频，而且这个电影模式真是太酷啦&hellip;&hellip;
183,银色,99新【512G】,手机是资源机挺好，成色非常靓，而且价格也比新机便宜好多 而且这里一样提供1年质保，可以放心使用，我买的白色颜值确实也挺不错
184,银色,99新【256G】,成色很靓，很新，性价比很高，值得购买。比官网优惠1千多，还送配件和钢化膜，绝对是全新没有人用过的，什么99新二手机，就是没有盒子包装，太赞了。
185,石墨色,99新【128G】,一如既往的好品质，非常喜欢的一款产品，非常棒！o(*￣︶￣*)o正品，买的放心，价钱也公道，满意！非常值得信赖的品牌，质量有保障，价格还亲民，相当满意以前一直都是在实体店买，这次选择了网上买，不光是正品，价格还实惠！宝贝特别喜欢，颜值高质量好，中看又中用，有需要的朋友不要犹豫了，最后祝商家生意兴隆！?看起来还不错，包装的很仔细，价格也非常公道，还会继续买买买！?
186,石墨色,99新【128G】,全新，十分满意
187,银色,99新【256G】,发货很快，给发的京东快递，比预想的快很多，隔天就收到了，打包的很严实，从包装到里面配件再到外观，全部检查了一遍是全新手机，手机做工很精美:手感很舒适激活后把玩了一下，装了很多软件。使用起来很流畅，自前还没有卡顿现象，拍照也不错， 随手拍了些室内照片，还是很棒的
188,远峰蓝色,99新【512G】,对资源机有看法的不要买，自己用这种机器还是很实惠的
189,远峰蓝色,99新【256G】,机器正规渠道，充电两次。很完美的一次购物。值得信赖谢谢小哥哥小姐姐送的原装充电器和手机壳贴膜。
190,远峰蓝色,99新【128G】,真的99新，很新的机器，希望是国行正品
191,远峰蓝色,99新【256G】,发货及时下单第二天就到了。蓝色非常好看，价格很实惠。手机总体成色满意，充电3次健康100%，用了一个星期没有任何毛病。
192,银色,99新【256G】,发货很快，已经收到货了，手机用起来很顺畅、舒服的很，商品和描述的差不多，质量没问题，关键价格也合适，在这里买还是很放心的，好评~
193,银色,99新【128G】,手机非常好用 电池效率高
194,石墨色,99新【512G】,手机成色不错。。。。。。使用起来顺畅，画面很好。。。。。。。。。。。。。。。。。。。。。。。。。。。。。。。。。。。。。。。
195,石墨色,99新【128G】,很完美，这就是妥妥的新机！
196,远峰蓝色,99新【512G】,屏幕上大大小小20几处划痕，有深有浅和描述还是有很大区别的。这次京东物流到上海后5天不送货，直到前一天晚上我申请退单了第二天一早8点不到就给我送货。注意是京东快递。我实在不想搞了，手机性价比还是可以的，电池也是100%。机器还没怎么测试相信应该没问题。各位要买二手的见仁见智吧！京东我是再也不会买了。
197,远峰蓝色,99新【256G】,很流畅，99新没有任何划痕，和新机器没有区别！便宜了一千多，赠送的充电器、钢化膜和手机壳都一起到了，很及时
198,远峰蓝色,99新【256G】,发货很快，东西很好，手机用起来很顺畅 ，客服还送了手机壳和手机膜，关键是价格各方面都很不错，机器也很新，好评！！！???
199,石墨色,99新【256G】,很好用
200,石墨色,99新【256G】,"非常满意，成色很靓，很新，性价比很高，值得购买。比官网优惠1千多，还送配件和钢化膜，绝对是全新没有人用过的，什么99新二手机，就是没有盒子
包装，非常赞了。"
201,远峰蓝色,99新【128G】,好漂亮的手机，完全和新机无异！！！完全和描述符合。
202,远峰蓝色,99新【128G】,手机很好 嘎嘎新外观很亮 电池100 跟新的没如何区别
203,远峰蓝色,99新【512G】,媲美原装新机，非常棒，很愉快的一次购物。
204,石墨色,99新【256G】,手机刚收到很新成色很靓，而且商家送了好多赠品膜壳还送了快充线，电池100挺好的。客服服务态度也很好！下次回购！
205,银色,99新【256G】,京东商城618价格常满意！机器不要让我失望呀！
206,石墨色,99新【128G】,虽说是资源机，和新机没有什么区别，用起来也非常流畅，还比新机联系一千多，非常的值，还送了手机壳，两片钢化膜，还有快充设备，非常不错的一次购物体验。
207,远峰蓝色,99新【256G】,不错，手机很新，很流畅，爱思全绿，通过专业验机之后，确实是资源机。iPhone 13 Pro高刷非常好，很满意。物流速度也很快。
208,远峰蓝色,99新【256G】,是正品很好用，价格便宜了很多，性价比超高，真的特别划算，之前怕是拆修机，收到货后查看没任何问题，包装也很高端大气上档次，值得购买
209,银色,99新【256G】,非常满意的一次购物，宝贝无论款式还是颜色都非常棒！质量绝对过关，非常成功的一次网购，很好，防风不错，可以的啊，不错不错的了
210,远峰蓝色,99新【256G】,非常好跟全新一样还很满意
211,远峰蓝色,256GB,收到货了，啊，真香！长焦镜头yyds，拍照，拍视频绝了，个人也是非常喜欢拍照啥的。镜头很大，要比之前用的11大好多，凸出的感觉好高，但这并不影响，问题不大，哈哈。嗯，nice   外观没得说，好看。系统还是一样的丝滑。双扬听歌看视频都很舒服，音质很好。待机时间个人感觉还是有点短。
212,金色,256GB,"外形外观：漂亮，回归经典！比老的6sp整体要小一圈，但要厚一点，重量还重一点
屏幕音效：全面屏了嘛，机身小一点但是屏幕大。6.1英寸比老的6sp的5.5英寸要长一截，略微窄一点，音效非常好，对话身临其境
拍照效果：杠杠的，真实是苹果最大的优势，所拍即所见。隔了几代换机，简直是翻天覆地，三颗大摄像头，各司所职，比起12，光变增加到3倍，非常棒，终于基本赶上主流了。人像功能和电影模式非常好，傻瓜出片！暗光表现也很好，比肉眼所见整体亮度好像要稍微高一点，但明暗分明、符合真实的比例。
运行速度：运行速度：6sp的2G运存都依然流畅，更何况13pro提高到了6G运存。那丝滑感让人爱不释手。
待机时间：不错！正常中度使用，一天10小时够用，基本能剩40%左右。
其他特色：高刷！终于上了高刷，而且是独门秘笈自适应刷新率！提高体验，还能提高综合续航，反正肉眼只会感觉到高刷的升级感。

综述：13香！虽然13比13pro便宜了2000块，比12的起步价还便宜，貌似更具性价比。但是13pro比13提升很多，而且和promax的差距比上一代缩小了，所以综合重量手感便携等因素（给老婆用的）最终选择了13pro（promax续航再好也终究逃不过一天一充?）"
213,远峰蓝色,256GB,"电池续航：很好，充满用一整天都不用充，比之前的苹果手机经用很多。
通信音质：国行的信号还是可以的 。
显示效果：屏幕看起来很舒服 
拍照效果：拍照效果很nice 原相机自拍也很真实，相比之前的 这个拍起来感觉自带美颜功能 哈哈哈 真心喜欢 
运行速度：运行速度也很快，很喜欢。 
其他特色：远峰蓝很好看，哈哈 高大上"
214,石墨色,256GB,"17号赶紧抢了第一波，24号就到货了。本来已经用华为好几年了，买了宝马车才知道宝马跟苹果是有合作出无线Carplay的，刚好老的iPhone7在宝马无线Carplay已经发热到死机了，买了iPhone13可以当车机用，开了一下午车也没有怎么发热。
iPhone13新增加了微距很不错，树叶的纹路可以看得到很细腻，以后可以少带一个单反镜头出门了。
大家说的有鬼影是真的，我拍了车灯，立马就出来了。
至于电影摄像功能等过节找小伙伴一起再测试一下。"
215,远峰蓝色,128GB,13p香是真的香，蓝色好看，不是深蓝色的，金属质感手感很舒服。配置高。摄像头也很优秀，拍出来效果很棒，运行速度快，你值得拥有。各方面都还不错。香。
216,银色,256GB,"外形外观：哈哈，好看
屏幕音效：屏幕漂亮 音质好听
拍照效果：杠杠的，喜欢
运行速度：速度牛逼，快
待机时间：牛逼了，比12好多了
其他特色：价格可以，带发票，物流也很快！"
217,远峰蓝色,256GB,很流畅，高刷纵享丝滑！13pro256只能说早买早享受，拍照很给力，黑暗中绽放光芒，再也不用担心光线不好拍照不清楚了，继续使用观察，后续追评！
218,远峰蓝色,256GB,买了一个多月才来评论，体验非常好。第一、速度很快。相对于用了三年的iPhone X要快了很多；第二、摄像头霸气、对焦速度快、成像质量好；第三、iOS系统流畅、很好用，其次配合Mac使用，简直完美。
219,远峰蓝色,128GB,"外形外观：远蓝峰随着光线环境而改变颜色，手感很好，就是边框上容易留下指纹抗油污差，得带套使用
屏幕音效：声音音质浑厚
拍照效果：拍照效果杠杠的，没的说
运行速度：玩游戏反应速度非常快，自适应高刷
待机时间：不使用的情况下，大概一周左右"
220,石墨色,256GB,用了一段时间才来的评论，确实是感觉拿到手机还是觉得不一样的，倍有面子个人觉得哈（不喜勿喷）包括手机?流畅度很好，性能简直好的不行，入手这个苹果13pro是经过深思熟虑，而且买到也很喜欢??充电还是挺快的，现在是两部手机共用（苹果8P）功能这些有了巨大的提升，很喜欢拍照?的电影?效果，还有就是面容解锁，我感觉买了那么多东西，第一次写了那么长的好评评论，也是很高兴的，一如既往的支持京东，哈哈哈??????
221,远峰蓝色,256GB,"外形外观：不用说了，个人觉得蓝色的好看，
拍照效果：拍照也很清晰
待机时间：一天够用
运行速度：平时游戏流畅流畅爽歪歪，总之牛牛"
222,远峰蓝色,256GB,超高颜值.手感特别好！大小合适.对于男生来说.这重量绝对可以接受..很有质感！
223,金色,256GB,昨天晚上下单 今天中午就收到货了 ！苹果13pro ，东西很不错 从外观到反应速度 再到照相机的功能 都是非常的好 ！这一点使用过的人应该都知道。同时买了无线耳机 耳机的功能挺好，音质也非常好 总体满意 ！
224,金色,256GB,外形外观：边框金属质感很好；宽度合适，女生单手握感舒适；做工精致，品控良好，边角处无硌手感；金@泽均匀。屏幕音效：屏幕显示清晰细腻，无粉绿屏情况出现；直面屏视感好且不易碎裂。拍照效果：对景物本色还原好，长焦镜头拍照实际体验优秀；电影模式简单好用。运行速度：Pro版本下A15芯片、6G大运存配合IOS系统，运行速度快且杀后台情况几乎没有。待机时间：3000多毫安电池容量诚意更足，待机时长比上代版本有明显提升。其他特色：屏幕素质顶级，自适应高刷省电显示效果又有保障。更大容量电池，待机更长。已经查了各种序列号等，确定为原装正品。同时京东物流送货速度快，包装严实，服务态度好。
225,远峰蓝色,1TB,苹果品质 坚如磐石 值得信赖
226,远峰蓝色,128GB,"外形外观：很精致
屏幕音效：声音很大 音效不错
拍照效果：很清楚 相机有很多功能 电影效果就很不错?
运行速度：很流畅
待机时间：比以前的久点了
颜色很好看 摸起来很有质感"
227,石墨色,128GB,"拍照效果：拍照效果色彩真，图像细腻。电池续航：电
池续航有所提升，延长使用2小时 通信音质：音质干干净
净，背景没杂音，非常好 运行速度：A15运行速度没的
说，非常流畅，看视频打游戏得心应手 显示效果：超级视
网膜屏，色彩真，不伤眼睛 其他特色：第一时间来评
价，首先手机是国行正品，和商家描述的一样，运行速度
超级快，商家服务态度非常好。"
228,石墨色,256GB,很完美的一次购物体验，黑色这款一直没货，早上吃早餐无意中看到有货，立马就下单了，没想到上午9九点下单，下午四点多就到了，有种速度叫京东物流，包装完好无损，没有任何瑕疵。买的充电器套装，相当于只需加九块钱邮费，就可以得到苹果原装充电器，东哥帮苹果做了该做的事，真的超级划算。感谢京东～，可能是疫情原因才缺货吧，建议想要的小伙伴多多蹲一下～
229,远峰蓝色,256GB,手机使用很流畅，A15芯片我愿称作当代最强，外观没得说，拿在手上这质量无敌，电池续航强，手机各项功能还在摸索中，苹果的东西就是没得说，好评。
230,远峰蓝色,256GB,物流太快了，第二天就到了。宝贝很好，不得不说，客服态度也太好了吧！拍照功能很强大。夜景模式非常清晰。很亮。运行速度也是一流的。高刷屏幕非常丝滑，手机大小也很合适。拿着很舒服。续航能力有了很大提升。。。
231,远峰蓝色,256GB,"超好看的远峰蓝色！?
绝绝子的渐变色！13pro可以随着光线呈现渐变的白灰色！好看绝了！哈哈哈哈真的??
?光线暗的时候就跟白色一样一样的
?用12pm后置原图拍的！没有滤镜～  ???"
232,远峰蓝色,256GB,"外形外观：原来用的7p，可能习惯了，感觉原来的手感好。
屏幕音效：没得说，很好
拍照效果：清晰了很多
运行速度：很快啊，刷刷的
待机时间：刚拿到手，还不清楚
其他特色：不太会倒数据，感觉挺麻烦的"
233,远峰蓝色,128GB,"外形外观：经典的4s外观设计，我第一台苹果就是4s，之前还是用的nokiaE71，第一眼看到苹果手机还是朋友手上的4s，初看就觉得好漂亮，系统方面也很简洁，是我喜欢的设计，无论外观还是ios，后来买的首发6sp，就一直用到现在才换13p，大部分都很满意，除了价格和电池！
运行速度：跟我的6年的6sp比那肯定是流畅的不行了，用了这么久确实很卡了，不过现在也依旧还在服役了，真的坚挺，质量也没的说的，6年还在用的6sp依然使用中，舍不得它了都！
拍照效果：拍照方面平时用的还挺多，广角镜头很有用，成像效果个人觉得很不错了，就是放大拍的话还是不能看了哈！"
234,石墨色,256GB,"外形外观：没得说很不错，今年最好手机
屏幕音效：还未使用，后期反馈
拍照效果：刚刚的
运行速度：一个一块的不得了
待机时间：随便使用吧
其他特色：非常饿好哈哈哈的
本年度最好的手机，值得大家拥有"
235,远峰蓝色,128GB,"外形外观：颜色超级OK，喜爱
屏幕音效：音效不错哦
拍照效果：提升不错，效果挺好
待机时间：有待观察
运行速度：速度超级爽"
236,苍岭绿色,128GB,"手机收到?，颜色超级好看，超级超级好看，新绿色，很时尚，摄像曝光问题可以调整参数，很不错?，推荐推荐，已经在这入手两台了，很不错，推荐给同事了
不错不错?，送给女朋友的，她很喜欢?&hellip;&hellip;&hellip;&hellip;
爱不释手哦&hellip;&hellip;
外形外观：很好
屏幕音效：很顺畅
拍照效果：不错，拍人物曝光可以调整
运行速度：很快
待机时间：还不错
其他特色：颜色很好看"
237,远峰蓝色,256GB,"外形外观：很漂亮！
屏幕音效：很强大
拍照效果：无敌！
运行速度：快！
待机时间：长！
其他特色：用过后在评价吧！第一次用这个牌子！"
238,远峰蓝色,128GB,"外形外观：直角边框看着也不错，手感也可以，后背摄像头模组巨大，主要是max太大了，所以买的小pro
屏幕音效：双扬声器效果很好
拍照效果：不错，速度快，前置摄像头很自然
运行速度：好像挺快的，毕竟新手机
待机时间：能用一天"
239,石墨色,128GB,"外形外观：手感舒适！质地细腻！
屏幕音效：清晰明了！声音动听！
拍照效果：非常不错、
运行速度：感觉比11快了很多！
待机时间：不玩游戏一天下来还有68%！
其他特色：用了这么久，没感觉到发烫！以前用11充电都感觉烫！"
240,金色,256GB,"拍照效果：非常棒，尤其是广角，放大缩小很方便，业余短视频创作效果很理想
运行速度：流畅丝滑
外形外观：单手操作稍微费点劲，那是因为它屏幕大
屏幕音效：看个电影音效很棒"
241,星光色,256GB,iPhone13真的太惊艳了，比较爱玩游戏，最喜欢是就是iPhone了，打游戏完全不会卡顿。之前的手机是内存不够，心心念念的手机终于到手了。13的运行速度非常快，打游戏真的太流畅了，真的非常喜欢这个手机。外观很好看，手感拿着很有质感，屏幕看着非常好，拍照效果很不错，像素高了，新机拍照片怎么都好看。5G高速运行，超长待机一整天。颜色也好看，白色看起来简单大气，非常的干净整洁。运行非常流畅，屏幕显示细腻，给人很舒服的感觉，而且相机夜景提升很大，拍出来的效果堪比佳能相机。之前的手机内存不够了，这次趁着活动购买的，直接卖的是256G的，这下就不怕内存不足了，性价比比较高。待时间不用可以一天时间，刷视频就不行，不过充电时间快，还是非常喜欢这个手机的。而且色彩的优化升级很好，百搭的白色款式。特意使用了半个月，体验感非常好，有经典一代的感觉。
242,粉色,128GB,iPhone13手机收到了，粉色也太好看了吧，真的很喜欢这款手机。真的是一款很不错的手机，手感非常舒服，握持感非常舒服。感觉拍照效果比之前12提升了很多，新一代运行速度快了很多，系统非常流畅，真的很喜欢了。电池也还不错，正常使用，一天到晚上还有百分之30左右。玩游戏也不会发烫，温度都能接受。拍照技术含量高，自带美颜效率非常好，前置摄像头有亮点，非常喜欢！防抖功能也超级赞！音乐播放的音效也特别满意，手机边框手感特别舒服。对于女生来说，拍照打游戏还是很喜欢的。不过单手操作的话还是mini强！音质非常好，屏幕显示细腻色彩饱满，拍照色彩还原度不错，夜景画面比较纯净。使用了一周了，感觉使用感受非常好，外观也好看，摄像有所升级，比12有改进，增加了电影模式太好了，满足了日常需求。电池比以前的要大，充一次电可以用一整天了，总体感觉挺满意的。
243,午夜色,128GB,iPhone 13手机很快就拿到了，打开非常的惊喜呀，非常大气的13手机。我买的是128GB的，这个就够我用了，很好看的手机，我觉得午夜色非常的大气，很有感觉的一部手机。外形非常好看，拿在手里也是非常的舒服，手感很好！手机背面是玻璃亮镜面的材质，这种磨砂与亮面的搭配，看上去非常时尚大气，外观看上去很上档次，方正的外观设计给人感觉非常稳重，很经典的设计。不过还有一点就是今年这款iPhone13的外观设计，跟上一代iPhone12改变不大。一直就是很喜欢苹果手机，就是因为它的系统流畅，升级的A15处理器有不少的省电提升，还有对5G网络的优化，而且还有20W的快充设计，被称为最强的手机。13的拍照也提升了，拍照很清晰，能够满足日常使用，新加的拍视频电影效果很不错。而且手机的待机时间也提升了，音效也很好，运行速度非常快。用了一个星期了，各方面都挺好的！非常满意的一次购物！
244,蓝色,128GB,"外形外观：颜值很高
屏幕音效：声音比之前的苹果手机大 ，音效很好
拍照效果：清晰&hellip;&hellip;&hellip;&hellip;
运行速度：快&hellip;&hellip;&hellip;&hellip;
待机时间：还有待加强&hellip;&hellip;
其他特色：用时间长了 还是会发热"
245,星光色,256GB,"这是第一次在京东上买手机，比较放心，也省事方便，家电电器都是在京东买，安全可靠。手机拿到手已经试了下，感觉很好，颜色也很好看，喜欢?。
外形外观：白色
屏幕音效：好
拍照效果：真实
运行速度：好
待机时间：暂时不知道
其他特色：?"
246,午夜色,128GB,一直在用的是苹果系统，这次看到活动，就来购买 iPhone 13了，活动价格是我能够接受的。还是喜欢黑色，非常的炫酷，外观非常漂亮，屏幕优化升级了，最值得期待的还是系统，这次的系统升级真的超级流畅，速度非常快。新款的手机非常多的功能，先说下屏幕吧，就是一眼看过去精细度、色温、色准都很不错，屏幕亮度不错，太阳下看屏幕也很舒服。再就是音效，杜比音效是自动的，低音效果需要开大音量才能体现出来。苹果的系统也是很强大的，iOS系统流畅性和稳定性。120hz的屏幕，日常屏幕操作跟应用和桌面的切换顺滑。系统稳定性十分好，一直喜欢用苹果的手机。还有就是摄像头了，新增了不少摄像模式，比如夜晚的拍照非常好，对环境的辨识度非常高。A15处理器有不少的省电提升，还有对5G网络的优化。充电速度也是很快的，刚用的20W快充技术加持，电池待机效果明显的提升。
247,粉色,256GB,"手机外形很漂免流畅益物
肆。仟拿的，
法供中浩；自然点
颜色很正，开机：教活
递等过程星无向頭．利番上车话
卡开机，就有电话送：
晰。试了照相．京儀等功菲
个了。外观很好看
有质感、屏幕看
效果 很不错、像素高了
照片怎么都好看。5G高遠逗行
超长待机一整天．颜合世好看，
白色看起来简单大气，非幕会平
净整洁。运行非
示细腻，给人很舒
且椙机夜景提升"
248,蓝色,128GB,"21号抢的，说是30号发货，25号就收到了，满满的惊喜！
用了几天才来评论：
第一感觉就是盒子太小气，一点都不高大上，拿出手机的瞬间还是蛮惊艳的！颜色很满意！
反应速度杠杠的，6.1的直面屏，刘海明显小了一圈，显示清晰，最喜欢的是直面屏可以贴钢化膜了。
6.1不会显得小，也不会太大，手感很奈斯  单手操作还是mini强！
唯一不好的就是信号比别的少一格，wifi挺强的！
扬声器声音开到最大没有了层次感，跟个普通喇叭似的。
电池续航很棒，这个是最满意的了！
iohone7后一直用华为，熬不住想换5g手机，华为又没有，再三考虑买了一个13。   相对于还是喜欢华为的续航信号！  商品爱好而已，无关于爱国，请勿喷我！"
249,星光色,256GB,"外形外观：百搭的白色款式 白里透着淡淡的金色
屏幕音效：清晰明亮的色彩 优化升级
拍照效果：滤镜自带美颜效果非常特别 前置摄像头也有亮点 优化升级
运行速度：无敌超级快 灵敏度极好 完全没有任何问题
待机时间：待时间不用可以一天时间 刷就不行 一般 不过充电时间快
其他特色：刷脸支付支解锁 颜色白色好看 不过好不容易抢到的"
250,蓝色,256GB,快递给力，包装四角尖尖。手机外观如图，蓝色很好看，很耐看，沉稳大气不俗气。手机整体感觉很好，没什么惊艳的地方，也没有什么短板，用起来心里感觉很踏实，像一个可靠的伙伴。好的地方，有相机，照片拍出来很真实，颜色亮丽，拍人物很清晰，会把人从背景里衬托出来。逆光也清晰！续航也不错，轻度使用一天可能就掉个百分之十五到二十的电量。重度使用一天，电量也足够了，无需中间充电。处理器速度已经足够快了，日常使用没有任何卡顿。总体感觉不错，是一次很愉快的购物体验。
251,星光色,512GB,发货快，包装严实，各方面都没破损，机子星光色好看，颜值很高，耐看，打开网页丝滑顺畅，游戏不掉帧，分辨率高，功能很齐全，比12多了许多，人脸识别快捷灵敏，，黑暗拍照清晰无差异，音质清脆，待机时间超长，一天重度七八个小时，一天一冲，耐用性大大提高，爱了爱了
252,星光色,128GB,"外形外观：星空色，外观给我一种很惊艳的感觉，特别是星空色，搭配上这个颜色简直绝了?
屏幕音效：双喇叭扬声器很nice?
拍照效果：拍照、录像效果可以说是非常好?，直接把我之前那个Max秒杀
运行速度：A15速度还是很快的，加上iOS15的加持，手机很流畅
待机时间：续航方面相对比12 提升了很多，满电玩了3小时吃鸡还剩40多电量 还是非常不错的?"
253,粉色,256GB,"真的越看越喜欢?太赞啦，手感超棒，画质超清晰裸机还是不太放心的，给手机买了个壳。而且我前一天买的 第二天就到啦 很快
外形外观：很nice 粉色yyds
屏幕音效：很好
拍照效果：超级清晰
运行速度：很快 不管是刷视频还是开网页"
254,星光色,256GB,以前用过5s和7，后来一直用华为，这次13性价比不错就入手了，苹果系统依然很好用，各方面很满意，屏幕流畅，电池耐用，一天只充一次电。京东快递挺快，第二天就收到了，京东上买了五六台手机了，大平台值得信赖。
255,粉色,256GB,"外形外观：外形设计刘海变小了，摄像头位置变化。
屏幕音效：屏幕上的材质有新的材料应用。12 0的刷新率会舒服很多
拍照效果：拍照的效果要比老款好很多
运行速度：运行速度比上一代要提升不少了。送人的很喜欢
待机时间：待机基本掉电不多。玩游戏，刷视频要比之前续航高很多"
256,星光色,128GB,"外形外观：很好很好看王守义十三香果然很香
屏幕音效：音质很好 比之前用的安卓好多啦
拍照效果：拍照很清楚  很好
运行速度：下载应用  手机运行速度也很快
第一次用IPhone 之前都是在用安卓 感觉很多很喜欢王守义十三香果然香"
257,午夜色,128GB,地址别搞错了，又得多等一天
258,午夜色,256GB,"外形外观：外型中规中矩，经典回归
屏幕音效：屏幕柔性三星?屏很好
拍照效果：原图一模一样，真实的人才最美
运行速度：性能强大
待机时间：惟一缺憾就是待机时间不长，中度玩手机一天一充！
其他特色：20瓦快充还是很快的，40分钟充80%的电"
259,蓝色,128GB,"外形外观：经典
屏幕音效：亮度适中，音响效果不错
拍照效果：效果棒棒哒
运行速度：运行正常没有发热现像
待机时间：待机时间很长"
260,午夜色,256GB,外形外观：外形非常好看，经典的方形块还是不错的，考虑到它的外形还有颜色都很喜欢用起来也很流畅选择了256G的，应该够用了。?屏幕音效：钢化磨合手机壳一起到的直接用局必须给京东赞拍照效果：拍照效果比之前更清晰了，颜@彩更饱和了，新片加强了，价格还是很优惠的。?运行速度：苹果系统依然是很流畅的运行速度不用担心一切完美。
261,蓝色,256GB,收到手机很兴奋，睡不着，第一次买这么贵的手机，开箱第一眼，很惊艳，做工精细，完美无瑕，贵有贵的道理。之前考虑过华为麒麟9000，无奈买不到5G，火龙888+持续高温pass，最终只有iphone13。阉割版A15性能功耗方面达到一个平衡，平时就玩下@，吃鸡，王者，戴上套都是温温的。续航不错，满电上班到下班不用充电，比iphone12强多了，不比4-5千毫安的安卓机差。拍照方面，之前用魅族16spro，感觉和iphone13差不多，肥宅很少拍照，就扫个码?。系统方面，第一次用iOS，很不习惯，下载应用只能在Appstore下载，很多收费应用，安卓白嫖习惯了，还有返回手势很不习惯，只能在左边向右划，flyme左右都可以划，这点比iOS好用多，左右单手操作都行。还有苹果的配件是真的贵，真的环保?
262,午夜色,256GB,"特意用了一段时间来评价。首先相信京东正品，还是不错的。
外形外观：外观好看，不是特别重。
屏幕音效：音效不错，屏幕也很灵敏
拍照效果：拍照好看，很还原，很高清。苹果，大家都懂！
运行速度：很快
待机时间：还可以，不太玩手机，一天没问题。
其他特色：总的来说很好，但是还是觉得应该支持国产华为，有一点小后悔。"
263,午夜色,128GB,特别满意的购物体验！很不错经过实测iPhone13 Pro Max与iPhone12 Pro Max在游戏中差距并不大，并且功耗是有所增大的。如果说平时玩游戏多的用户，iPhone12 Pro Max还是非常合适的，售价低的同时性能依然在线，大型游戏均能流畅运行；而对综合能力有着高要求的用户来说，本次iPhone13 Pro Max在屏幕、电池、性能、影像的提升则更能满足您，尤其是首次加入的高刷与智能分辨率在实际表现中还是非常香的。
264,星光色,256GB,ios系统一如既往的流畅，系统其实有很多的快捷操作，一般人会用的估计五分之一都没有。系统的封闭性没有安卓使用的那么多灵活性，同时ios的下的app比安卓下规范很多。airpods用在苹果手机上确实是绝配，同样的歌在ios听起来质感更强。屏幕优秀，续航也很给力。信号?是真的差呀，wifi信号差，比不上18年的安卓机，4G5G信号确实寒酸，嗐
265,星光色,256GB,外形外观：果粉转安卓再度转果粉，拿到手心情非常激动，大爱直角边，系统流畅，刚买没贴膜所以留指纹，商务日常使用完美。
266,星光色,256GB,"外形外观：外形小巧玲珑，外观简洁大方，配色朴素，而有内涵
屏幕音效：屏幕没有绿边，使用丝滑顺畅，打游戏也很舒服
拍照效果：拍照效果杠杠的，画质清晰，像素感人
运行速度：运行流畅，四个腿赶上了别人八个腿的速度
待机时间：够用
其他特色：充电时间不太快，通病"
267,星光色,256GB,"外形外观：之前用的是苹果8p，虽然尺寸大了，但屏幕看视频的区域更小了，不过不影响正常观感，反倒手机的轻巧让我感到很舒适。
屏幕音效：屏幕很好，没有网传很刺眼的感觉。
拍照效果：真的很棒，除了夜间有&ldquo;鬼影&rdquo;其它很棒
待机时间：强到离谱
运行速度：A15性能杠杠的"
268,午夜色,128GB,"外形外观：黑色的比较经典，高大上
屏幕音效：没有杂音，质感不错
拍照效果：手机的像素，我非常喜欢，苹果手机拍照
运行速度：内存大一点都不卡
待机时间：以自己的使用情况而定"
269,绿色,256GB,"手感超级舒服，绿色颜色鲜艳，辨识度很不错，运行速度新机很爽，256内存也够用，就是不知道4G运存时间久了够不够用，现在有优惠价格还不错！
屏幕音效：音效很棒
拍照效果：体验不明显
运行速度：新机不错的
外形外观：外观设计风格非常好看"
270,午夜色,128GB,iPhone 13性价比真的高，真是13香，而且赠了充电器，很值得买，13的屏幕素质真高，显示效果很细腻，处理器太强了，秒杀其他手机，玩游戏非常的流畅，而且手机发热控制也很好，物流速度快，服务态度也很好！
271,远峰蓝,128G,第一次再京东买手机，安全下车.98新以上电池电量百分百是我没想到的，相当满意！
272,银色,128G,手机颜色非常喜欢，三个大摄像头高端大气上档次，拿在手上，手感非常好速度超快，不卡顿，超广角功能非常强大，电池99，感觉还不错
273,银色,128G,"1外观好看，屏幕感觉非常结实，摔了很多次都没事，真心不错的选择，拍照效果特别好，比iPhone 12 Pro好很多，运行速度也特别快，买iPhone 13 Pro感觉非常满意。
2：iPhone 13 Pro外观很有档次，对比老款苹果手机，直角线条的设计看起来更高档，屏幕显示特别细腻，120Hz高刷玩游戏很爽，拍照超级棒，拍视频的电影效果赞到不行，运行特别快，同时运行十多个软件都不卡。
3：苹果手机做工超精致，系统很稳定，流畅自然，运行速度很稳定顺畅，不卡顿，拍照效果太清晰了，脸上的痘痘都很清晰，续航能力比苹果12续航好太多了，很靠谱，估计这款iPhone 13 Pro手机至少用个四年没问题，不错！"
274,石墨色,128G,"手机特别好，很香。99新就是全新，充电0
次，电量100，无磕碰划痕，太赞了！还送了
手机壳，钢化膜，充电器套装，绝了！手机收到了 很不错 电池寿命一百 一直是苹果
专用户 在拍拍严选购买了第二次了 没有让我
失望 13的高刷是真的爽 比我的老x强太多了
续航一天不用的情况下掉两个电很不错"
275,苍岭绿,256G,发货速度很快，第三天就收到了，苹果手机收到打开，跟全新一样，电池100%，屏幕没有任何划痕，边框也完好，送了手机壳，膜，充电器，物有所值，划算。
276,石墨色,256G,手机很不错?成色很新，电池寿命99%赞? 比买新手机划算多了&hellip;&hellip;已经在拍拍严选买的第三部手机了，一直信赖京东拍拍严选，下次有需要还会光顾！
277,远峰蓝,128G,"很好 95新的13pro 电池99 很标准   还带保修呢
  快去抢吧数量有限"
278,远峰蓝,128G,手机非常新，买的是95新，但是感觉有99新。电池健康还有98，23年2月保修到期。爱思什么的也都查过了没什么问题，买下来很划算，非常推荐。
279,远峰蓝,128G,手机很新值得信赖 还送很多配件 手机壳 充电器 服务很好 物流超级快 下次购?还会选择拍拍严选
280,远峰蓝,128G,物流非常的快，下单完第3天就收到了。赞赞赞赞赞，机子的成色靓极了和新机一摸一样。没有磕碰没有磨痕。非常的满意，手机很好用，拍照打游戏都嘎嘎香
281,石墨色,128G,质量好 很不错 发货很快 正品
282,金色,256G,心心念念的苹果13pro终于收到了，导购员介绍购买的商品真的好，说是99新看着就觉得是全新的没有瑕疵、没有划痕、没有棹漆，电池有百分之百真的好爱十三香真香，查了型号序列号是国行正品。好评
283,银色,256G,物流特别快.手机就和新机一样.根本看不出使用痕迹.触碰也特别灵敏.运行也很流畅.拿在手中的手感也特别好.商家还颂手机卡服务很周到.
284,远峰蓝,256G,"很不错???
成色完全就是台新机，外观完美无缺。
充电45次，电池100。国行2月出厂。在保。
非BS机，非官翻，非官换。
推荐购买～"
285,远峰蓝,128G,"1外观好看，屏幕感觉非常结实，摔了很多次
都没事，真心不错的选择，拍照效果特别好，
买iPhone 13 Pro 感觉非常满意
2:iPhone 13 Pro外观很有档次，对比老款苹
果手机，直角线条的设计看起来更高档，屏幕
显示特别细腻，120Hz高刷玩游戏很爽，拍照
超级棒，拍视频的电影效果赞到不行，运行特
别快，同时运行十多个软件都不卡。
3：很靠谱，估计这款 ifhone 13 pro 手机至公
用个四年没问题，不错！还送了配件！"
286,石墨色,256G,"1外观好看，屏幕感觉非常结实，摔了很多次都没事，真心不错的选择，拍照效果特别好，买iPhone 13 Pro感觉非常满意。
2:iPhone 13 Pro外观很有档次，对比老款苹
果手机，直角线条的设计看起来更高档，屏幕
显示特别细腻，120Hz高刷玩游戏很爽，拍照
超级棒，拍视频的电影效果赞到不行，运行特
别快，同时运行十多个软件都不卡。
3：很靠谱，估计这款iPhone 13 Pro 手机至少用个四年没问题，不错！还送了配件！"
287,石墨色,256G,买二手手机等于开盲盒，有心里准备可以买
288,石墨色,128G,现在送膜送壳送的真实让人惊艳 手机完美 没问题
289,苍岭绿,256G,完美落地看不出是旧机器，非常给力，服务很好
290,石墨色,128G,手机到手很新，电池效率百分之百，到我手里面的时候只冲了九次电，国行在保三百多天，基本上可以说是全新的了，验过机了，正品无疑
291,远峰蓝,256G,到手验过机子了 是正品行货，感觉很不错
292,远峰蓝,128G,手机很好用，反应快成色很新和新手机一摸一样。价格很实惠太满意了。打游戏嘎嘎香，拍照也好用，和测机报告一摸一样，大平台值得信任。
293,远峰蓝,128G,值得信赖，服务态度很好，东西也很好，值得购买。iPad也是他们家买的  健康百分百
294,远峰蓝,256G,99新机，和新机没区别，使用了半个月才来评价下，很流畅各方面都不错
295,远峰蓝,128G,可以，非常满意，京东自营的就是好。可以消除很多疑虑，不用担心翻车。
296,远峰蓝,256G,手机特别好，很香。99新就是全新，充电0次，电量100，无磕碰划痕，太赞了！还送了手机壳，钢化膜，充电器套装，绝了！
297,苍岭绿,128G,手机收到了 很不错  电池寿命一百  一直是苹果专用户 在拍拍严选购买了第二次了  没有让我失望 13的高刷是真的爽 比我的老x强太多了  续航一天不用的情况下掉两个电 很不错
298,银色,128G,"手机颜色非常喜欢
三个大摄像头高端大气上档
次，拿在手上，手感非常好速度超快，不卡顿
超广角功能非常强大，电池99，感觉还不销"
299,远峰蓝,128G,可以，iPhone 13pro真的用起来很舒服，各方面都是一台好手机。只可惜这个价格完全都可以去买新手机了，而且屏幕上还有一条划痕 。
300,苍岭绿,128G,手机收到了，几乎全新，各项功能正常.。京东发货及时，客服人员态度很好，手机性价比超高.还要送我手机壳和膜，服务很贴心，手机还有一年质保，太划算了
301,远峰蓝色,256GB,"外形外观：直角边框经典设计，手感非常好。不锈钢边框很有质感
屏幕音效：iPhone屏幕一如既往的优秀顶级显示效果，加入了自适应屏幕高刷新率更丝滑了
拍照效果：加大的摄像头模组拍照更优秀了，新加入的电影?效果模式。再次领先行业
运行速度：流畅无比
待机时间：超长待机时间，加大电池续航再次增加"
302,金色,256GB,"外形外观：外型外观很好看，很有质感，金色实物很漂亮。检查了一遍非常完美，没遇到缝隙大的问题。
屏幕音效：屏幕非常清晰细腻，音效很棒！
拍照效果：拍照效果很好，照片很清晰。
运行速度：iOS15运行速度没得说，反应超快。
待机时间：待机时间很长，用一天还有百分之五十多的电，轻度使用两天一充没问题。
其他特色：京东官方自营旗舰店值得信赖，物流速度也非常快！"
303,银色,256GB,"外形外观：用了一个多月再来评价，手机到手完美，没有网上说的那些问题
屏幕音效：顶级屏幕显示效果很棒，上了高刷感觉更丝滑
拍照效果：拍照效果：拍照很稳，特别是夜拍成像速度比上代快
运行速度：A15芯片加持，系统流畅
待机时间：待机续航明显提升，想要长续航就得上Max"
304,远峰蓝色,256GB,"13香，13pro max真香。
外形外观：霸气外露
屏幕音效：这个音响效果很好(喜欢音乐可以考虑一下)
拍照效果：真实还原
运行速度：丝滑流畅
待机时间：一天不用充电
其他特色：可以尝试一下，可以选13pro，max有点大。
恭喜您成为尊贵的苹果13机主，苹果13香不香？不问王守义，就问您自己。愿您的爱情与事业像IOS系统一样，丝滑流畅，蒸蒸日上。苹果13香，真香。"
305,金色,256GB,过年了，28号晚上11点06下单成功的，南宁发货的，隔天达，昨天中午过后一直在做家里的卫生，昨天29号下午3点钟到货了，放在快递店临时点，到货后没信息没电话通知我去拿货，也理解的，农村嘛，服务比不上城市，还是我自己打电话给快递员询问到货的，挂了电话飞奔冒着小雨，又冷，骑着电动车去拿快递，拿回来后没拆，直接搞卫生，搞完后，到了晚上6点才吃了晚饭后才开始拆开来看，一打开，好好看的金色苹果手机，这是我第一次买苹果手机，一点都不会操作，按照客服给的图片一步一步操作激活手机，人工客服态度很友好，有问详答，非常感谢，京东白条分期两年，含利息，全部费用12246.36元。可以说下了血本了。京东的产品值得信赖，晚上去县城贴了抗蓝光膜，三个摄像头也逐个贴了膜，买了玻璃手机壳，一共花了63块钱来包装手机。
306,远峰蓝色,256GB,"外形外观：手机非常完美，无瑕疵，远峰蓝比想象中好看，就是要比同尺寸手机重。高颜值，高品质，材质外观和质量上档次
屏幕音效：屏幕大，音效好，显示效果很好，120Hz很流畅，高刷屏确实不一样
拍照效果：微距镜头很好用，拍照效果清晰
运行速度：超级快，运行流畅
待机时间：电池很耐用，续航能力强
其他特色：快递次日达，晚上下单第二天早上就拿到手了。"
307,远峰蓝色,1TB,"外形外观：很好看小刘海了
屏幕音效：高刷屏巴适，音响非常好
拍照效果：苹果手机的拍照效果必须的好
运行速度：非常快，比我用了几年的6s plus快多了
待机时间：续航有史以来苹果手机最强的
其他特色：功能强大"
308,石墨色,128GB,拿到手机第一感觉就是重，手机很好用，大小手感都合适，外观是我喜欢的，电池很给力，我不玩游戏，正常两天一充，看他们都说信号不咋滴，我觉得挺好的。拍照效果很好，喇叭就像低音炮一样，唯一就是选错了内存，应该直接选择256g就完美了。
309,苍岭绿色,256GB,"外形外观：屏幕大，摄线头更大，而且在配上苍岭绿，简直绝了，有事情视觉冲击力，
屏幕音效：双扬声器简直不要太爽
拍照效果：日常使用完全没问题
运行速度：最新处理器，6G运行内存，120Hz高刷，很棒
待机时间：明显比之前的12有了很大的提升，这也是选择这款的原因之一
其他特色：从4G一直到5G，流畅速度提升了不少，而且这个配色，拿出去，肯定是这条街最靓的仔"
310,远峰蓝色,128GB,"外形外观：外观设计非常好看，蓝色和上个比起来，好多了。单手拖着有点废小指头哈哈哈。
屏幕音效：用上个手机8p，和他一起当同一首歌。13声音要大一些。在细微处还是可以听出来，强不少。
拍照效果：拍照无敌。
运行速度：这就不用说了，苹果yyds
待机时间：待机时间等等用过一段再评价
其他特色：远峰蓝真的很好看。真的，"
311,石墨色,256GB,"外形外观：时尚，高端，大气，适合商务人士以及学生
屏幕音效：清晰度高，分辨率好，音效特别棒
拍照效果：拍照清晰，多种拍照模式，效果好
运行速度：特别流畅，不卡顿，120hz超快刷新率，体验感超级强烈
待机时间：待机时间特别长，轻度使用快两天，亮屏时间10小时以上
其他特色：京东搞活动很划算"
312,石墨色,128GB,"大年初一买的，还有***了，等了一个月，终于买了，当新年礼物非常棒！
外形外观：非常完美
屏幕音效：特别清晰
拍照效果：三个摄像头效果非常棒
运行速度：打游戏一点不卡，速度特别快
待机时间：超级长"
313,石墨色,128GB,"外形外观：外形外观看起来很完美，摄像头是没有灰尘的，至于缝隙啥的没有注意看
屏幕音效：真的很赞，外放的声音感觉真的很不错??
拍照效果：拍照没啥好说的前一句话。真的真的很不错?
运行速度：超大杯，怎么可能会不快？
待机时间：待机时间刚开始会晚上待机掉点，后面更新了最新系统后好一些了
其他特色：暂时还没发现，也用了一段时间了，体验感还是挺棒的"
314,金色,128GB,"外形外观：外观一如既往的很漂亮，丝滑的手感也是很棒
屏幕音效：IPhone 13pro max金色支持电影音效，看电影的感觉也很棒，很强
拍照效果：拍照的照片也很有质感，用起来很流畅，
运行速度：运行到现在还没有卡顿的情况，很顺畅
待机时间：用一天差不多可以
其他特色：颜色外观都还不错"
315,金色,256GB,很好，做工精细，外观洋气十足。屏幕分辨率高，手机够大够薄。系统流畅自然，运行速度快，音乐外放效果不错。内存256g应该够了，不浪费。京东送货就是快。很满意。
316,远峰蓝色,256GB,11??10号半夜1点买的，大概是13号左右到的，用了半个多月了，使用很流畅，习惯了苹果的系统，用着很方便。换机app也很方便，位置文件夹都没变化。非常不错。这个颜色也是比较特别，没用过。推荐购买。没发现什么问题，也没有破损。从xr升级到13pro max 。这个又能用几年。还没下手的小伙伴，可以下手咯。比较推荐。
317,石墨色,128GB,性能也非常棒，完美的一次购物，流畅好用，大屏合适我这种近视散光的，就是配件不便宜，要自己买一大堆，算下也好几百，反应快。
318,银色,256GB,"外形外观：银色真的太好看了！配什么样的手机壳都很好看。
屏幕音效：屏幕没得说，尺寸很大，看看视频很爽，音效也不错。
拍照效果：冲着拍照效果买的，太强了！
运行速度：挺好，不过跟我之前用的没多大区别。
待机时间：一天充一次就足够了。"
319,银色,128GB,物流包装是真拉胯，其他的还好
320,远峰蓝色,256GB,心心念的手机总于抢到了，真的很期待，抢了好久，期待带来好的手机体验！第一就上档次，屏幕也大！期待后续的手机体验！
321,银色,256GB,边框不锈钢粘指纹很严重，但是为了美。颜值就是正义，美得绝绝子，京东很快，黑龙江小城，从沈阳发货，隔天到。有保护泡沫。爱不释手，漂亮!声音音质也很好，双扬声器，拍照无敌，12期免和送一年aC+，下手的，我觉得AC+对我很重要。我心里安稳一点。有的人
322,石墨色,512GB,"手机非常好用 ?不亏是地标最强处理器
拍照效果：拍照特别清晰 自动对焦
待机时间：待机时间比上一代强太多了 电池非常耐用
其他特色：120赫兹自适应高刷真的太给力了
外形外观：外观非常大气值得购买
运行速度：运行内存增加到了6GB 用久了也不会卡顿
屏幕音效：音质特别好 不是安卓手机能比的?"
323,石墨色,256GB,"外形外观：包装精致，没有磕碰。石墨色还是耐看呀
屏幕音效：顶级2k oled，没的说，舒服
拍照效果：流畅，变焦顺滑，夜拍进步很大
运行速度：流畅，流畅，流畅
其他特色：除了厚重，其他没毛病"
324,远峰蓝色,256GB,"外形外观：远峰蓝色，雾面即视感，好高级！
屏幕音效：音效堪比耳机，回音转音特别棒！
拍照效果：拍照比我的X高级太多啦，不是一个档次的！
运行速度：运行速度超快
待机时间：我现在两天充一次电，平时也不怎么玩游戏，够用，出门不用担心没电了！
其他特色：屏很大，发现也不错，挺好，整体很满意！"
325,远峰蓝色,256GB,"期待已经的手机了，抢了多次抢不到，包装精美，
屏幕音效：屏幕显示效果比12好了很多，音效升级，完美
拍照效果：升级的多种拍照模式，还有电影模式，
运行速度：运行速度非常快，流程无卡顿
待机时间：待机明显变长，中度一直使用8个小时没问题，还剩20%
其他特色：蓝色还是好看，而且这代的信号?稳定了"
326,金色,256GB,"13用起来手感无敌 高刷也非常爽 很流畅
暂时没有遇到过卡顿 颜值非常高?????
京东物流也给力 23号拍 26号就到了"
327,远峰蓝色,128GB,苹果13 pro  MaX拿到手后真实体验很不错，5G信号稳定，上网速度很快，流程无卡顿，很棒，外观设计颜色远峰蓝很惊艳，拍照清晰，运行速度还是一如既往的给力，包括电池续航能力提高了不少，不错十三香
328,远峰蓝色,256GB,iPhone 13 Pro Max 远峰蓝也太好看了吧？光看这个包装就很高大上，这材质，这触感，摸起来太舒服了，感谢京东让我抢到这个手机，心仪好久了，线下买价格都好贵，比官网原价还贵，线上通过京东买，直接就原价抢到了，正好需要一个充电头，买的是充电套装，非常实用，价格也很美丽。
329,远峰蓝色,512GB,"用了几天了，整体流畅度包括使用情况很都好，比13要强得多，续航能力也是非常优秀，解决了之前续航的问题
外形外观：很好看
屏幕音效：非常棒，声音特别清晰
拍照效果：微距很厉害
运行速度：非常流畅
待机时间：12小时左右，不间断玩9小时左右"
330,远峰蓝色,256GB,"外形外观：颜值不用多说，好看，颜色好
屏幕音效：音效果很正，很不错，歌曲放的声音大
拍照效果：照片当然是地表最强了
运行速度：运行速度快，高刷游戏，页面都是很好
待机时间：待机时间特别长&hellip;&hellip;一天一冲重度使用
其他特色：唯一要说缺点没有送官网的Apple Care+"
331,金色,256GB官网标配,发货非常快，原装没开封。从xsmax64G换到13 pro max256，现在可以放心用了，不用再担心内存不足问题。
332,苍岭绿色,512GB官网标配,苹果手机用着就是好，收到查询后确认是正品，用了一周使用正常，系统很流畅。卖家承诺邮寄顺丰，邮寄也很快收到。
333,石墨色,256GB官配+原配20W闪充+壳膜,"外形外观：很漂亮
屏幕音效：很好
拍照效果：漂亮、清晰
运行速度：很快
待机时间：待机时长"
334,远峰蓝色,512GB官配+原配20W闪充+壳膜,手机很好看的，好用，真不错，用着非常流畅?
335,远峰蓝色,512GB官网标配,"运行速度：非常快
拍照效果：不错很好
屏幕音效：音效一级棒
外形外观：蓝色的太好看了
其他特色：看电影很舒服"
336,石墨色,256GB官网标配,犹豫了很久，最终选择了这款max，屏幕尺寸很大，听歌玩游戏都很过瘾，电池非常耐用，拍照很清晰，苹果的手机性能真是好，石墨色很好看！
337,远峰蓝色,256GB官网标配,"手机收到，用了几天体验之后再来评价：
外形外观：与商品描述一致
屏幕音效：好
拍照效果：好
运行速度：很快。"
338,远峰蓝色,512GB官配+原配20W闪充+壳膜,完全未拆封是正品质量有保障 使用很流畅 体验很棒
339,苍岭绿色,256GB官网标配,"拍照效果：特别好
运行速度：超级快
待机时间：一天多
外形外观：超漂亮的颜色"
340,远峰蓝色,256GB官配+原配20W闪充+壳膜,13pormax远峰蓝太美啦，大屏幕看着特别清晰，非常值得入手！
341,远峰蓝色,256GB官配+原配20W闪充+壳膜,终于到手啦！！！原装无激活国航正品，店家还送了原装充电头和手机壳手机膜，价格也便宜一些，真的非常满意，支持一波～
342,银色,128G官网标配,物流速度很快 顺丰一天就到了 查过了是国行未激活正品 白色很大气 手感也很好 运行速度快 续航非常给力 还送了一个透明手机壳和两张钢化膜 手机壳很厚实质量非常好 良心卖家五星好评
343,金色,256GB官配+原装头+壳膜,13pm，电影模式非常有意思，拍儿子走路很有趣，最让我吃惊的是待机，基本上一天多没问题，充电还算快。拍照效果广角宽容度极高。爱不释手。
344,远峰蓝色,256GB官网标配,手机使用了两天，运行非常流畅，续航持久，拍照也好，非常的完美，价格非常的优惠，非常满意
345,银色,128G官网标配,货到之后小心翼翼拆开，各方面用起来特别好，丝滑流畅，外观完美.查看an码是正品，完美下车哈
346,石墨色,256GB官配+原配20W闪充+壳膜,商家不开发票，一次一次的拖，烦透了，都问了3次，回复还是一样，说什么财务没有上班，那财务是不是一个月都不用上班的，过分！
347,远峰蓝色,256GB官网标配,用了几天来评价。完美产品，声音完美，屏幕完美，手机完美！物流超给力，客服态度好！后？
348,远峰蓝色,256GB官配+原配20W闪充+壳膜,宝贝收到几天了，一直没空。今晚得空拿了验看。非常满意。因为我前面的手机也是苹果手机。很容易安装上手。
349,苍岭绿色,128G官网标配,国行正品，运行速度超级快，拍照效果真的是秒天秒地秒空气，拍出来的效果是杆杆。
350,远峰蓝色,512GB官网标配,看起来不错，还送了充电插头，快递很快，当天发货，第二天就到，服务态度也好
351,远峰蓝色,256GB官网标配,手机到货，很惊喜，蓝色很漂亮，上手质感挺不错的，是想要的。
352,远峰蓝色,256GB官网标配,不愧是苹果手机，电子厂的奢侈品，待机时间很长，好用！
353,远峰蓝色,256GB官网标配,发货很快，顺丰包邮，全新未拆封！
354,远峰蓝色,128G官网标配,包装的很好，用起来很顺畅，特别满意棒棒哒
355,金色,256GB官配+原配20W闪充+壳膜,颜值不错，大侄女很喜欢，送给侄女考学的礼物??
356,苍岭绿色,256GB官配+原配20W闪充+壳膜,手机验证过了，绝对正品，颜色外观很OK，推荐值得购买，客户服务态度很好
357,远峰蓝色,256GB官网标配,手感超级好，物流也很快，速度确实完败安卓了，值得推荐。
358,远峰蓝色,256GB官网标配,用了一天，系统流畅，体验很好
359,远峰蓝色,256GB官配+原装头+壳膜,用了两周了！确实很棒、蓝色也很好看
360,苍岭绿色,256GB官配+原配20W闪充+壳膜,手机颜色很好看，造型不错，是正品
361,银色,256G,东西很好的！没有毛病，最好选择那种线下店面下单。
362,石墨色,256G,特别不错，这是第二次在拍拍买手机了，99新和新的没有区别，用着一样，看不出任何瑕疵，用着挺满意的，拿着的手感也特别好，我会推荐给我的朋友的
363,银色,512G,非常哇塞的手机 跟新机一毛一样 还便宜好几千 性价比超高 拍拍严选yyds，还送了手机壳和钢化玻璃膜 还有20w充电器数据线 下次买手机就认定这家店了 推荐朋友来??????????
364,远峰蓝色,128G,很快 两天就到了。不错?
365,远峰蓝色,256G,拿到手跟新的一样 感觉非常好 非常喜欢
366,银色,256G,首先东西很好。这是第二次在二手拍拍买电子产品。第一个使用的8p用了五年。完全一点毛病没有。值得点赞的商品 质量过硬的检验 服务周到的服务 这个13p到手目前感觉良好。毕竟价钱与质量并齐 便宜没好货 好货不便宜。值得购买 二手的相比较新的而言 性价比高 便宜实惠。推荐购买。
367,远峰蓝色,256G,第一次购买拍拍严选的手机，非常奈斯。和全新的没啥两样，还送手机壳钢化膜，快充。6期免息真是太舒服了，保价服务后面还退了我350元，真的太香了，资源机用起来一点问题也没有！！好评
368,远峰蓝色,256G,非常好 机器非常新 看不出来使用痕迹
369,石墨色,256G,手机非常好用，跟新的一样
370,远峰蓝色,128G,手机很不错 和新的一样 推荐购买 冲吧
371,远峰蓝色,128G,很好用，应该二、三年里不用换手机了
372,远峰蓝色,256G,无任何瑕疵，非常满意的一次购物
373,远峰蓝色,256G,比我想的要好很多，很新，第一次买二手机还是这种官方的比较靠谱。
374,远峰蓝色,128G,可以，买的时候还担心会不会有点小瑕疵，买的资源机，虽然没查到生产日期，但用着还不错。
375,远峰蓝色,256G,还不错挺好的全新，电充充电次数一次。就是有点偏暖色屏。
376,石墨色,512G,手机状态不错，就跟新的一样
377,远峰蓝色,256G,可以，看上去是全新的.
378,银色,256G,手机用着快一个月了，没有问题
379,石墨色,256G,挺好的，还不错用着也挺好
380,石墨色,256G,用了一周了 没有任何毛病，功能正常 一个月后来复评
381,远峰蓝色,128G,和新机一样电池100%YYDS
382,石墨色,256G,拍了石墨色发来台金的
383,远峰蓝色,256G,二手精选，和新的没什么区别
384,银色,256G,用着没什么问题
385,远峰蓝色,512G,手机几乎全新，就是玩个30分钟就有点发热。
386,石墨色,512G,一点划痕都没有，有国行资源机还买什么美版港版的
387,远峰蓝色,256G,手机快递是挺快的，但是配件快递是真的真的很慢，4月23号显示准备发货，今天都5月9号了还没发货，咱也不知道配件送还是不送
388,银色,256G,银色的真的挺贵气的~~看着很好看啊!!音效还行~~屏幕亮度的话在大太阳下还是能容易看的清楚。拍照功能非常棒，跟相机有得比，很满意这次购买！！！！
389,银色,256G,特别特别特别好，没有任何破损的地方，，京东旗下的，有保障，，放心
390,远峰蓝色,128G,很好用，应该二、三年里不用换手机了
391,星光色,256GB,iPhone13真的太惊艳了，比较爱玩游戏，最喜欢是就是iPhone了，打游戏完全不会卡顿。之前的手机是内存不够，心心念念的手机终于到手了。13的运行速度非常快，打游戏真的太流畅了，真的非常喜欢这个手机。外观很好看，手感拿着很有质感，屏幕看着非常好，拍照效果很不错，像素高了，新机拍照片怎么都好看。5G高速运行，超长待机一整天。颜色也好看，白色看起来简单大气，非常的干净整洁。运行非常流畅，屏幕显示细腻，给人很舒服的感觉，而且相机夜景提升很大，拍出来的效果堪比佳能相机。之前的手机内存不够了，这次趁着活动购买的，直接卖的是256G的，这下就不怕内存不足了，性价比比较高。待时间不用可以一天时间，刷视频就不行，不过充电时间快，还是非常喜欢这个手机的。而且色彩的优化升级很好，百搭的白色款式。特意使用了半个月，体验感非常好，有经典一代的感觉。
392,粉色,128GB,iPhone13手机收到了，粉色也太好看了吧，真的很喜欢这款手机。真的是一款很不错的手机，手感非常舒服，握持感非常舒服。感觉拍照效果比之前12提升了很多，新一代运行速度快了很多，系统非常流畅，真的很喜欢了。电池也还不错，正常使用，一天到晚上还有百分之30左右。玩游戏也不会发烫，温度都能接受。拍照技术含量高，自带美颜效率非常好，前置摄像头有亮点，非常喜欢！防抖功能也超级赞！音乐播放的音效也特别满意，手机边框手感特别舒服。对于女生来说，拍照打游戏还是很喜欢的。不过单手操作的话还是mini强！音质非常好，屏幕显示细腻色彩饱满，拍照色彩还原度不错，夜景画面比较纯净。使用了一周了，感觉使用感受非常好，外观也好看，摄像有所升级，比12有改进，增加了电影模式太好了，满足了日常需求。电池比以前的要大，充一次电可以用一整天了，总体感觉挺满意的。
393,午夜色,128GB,iPhone 13手机很快就拿到了，打开非常的惊喜呀，非常大气的13手机。我买的是128GB的，这个就够我用了，很好看的手机，我觉得午夜色非常的大气，很有感觉的一部手机。外形非常好看，拿在手里也是非常的舒服，手感很好！手机背面是玻璃亮镜面的材质，这种磨砂与亮面的搭配，看上去非常时尚大气，外观看上去很上档次，方正的外观设计给人感觉非常稳重，很经典的设计。不过还有一点就是今年这款iPhone13的外观设计，跟上一代iPhone12改变不大。一直就是很喜欢苹果手机，就是因为它的系统流畅，升级的A15处理器有不少的省电提升，还有对5G网络的优化，而且还有20W的快充设计，被称为最强的手机。13的拍照也提升了，拍照很清晰，能够满足日常使用，新加的拍视频电影效果很不错。而且手机的待机时间也提升了，音效也很好，运行速度非常快。用了一个星期了，各方面都挺好的！非常满意的一次购物！
394,蓝色,128GB,"外形外观：颜值很高
屏幕音效：声音比之前的苹果手机大 ，音效很好
拍照效果：清晰&hellip;&hellip;&hellip;&hellip;
运行速度：快&hellip;&hellip;&hellip;&hellip;
待机时间：还有待加强&hellip;&hellip;
其他特色：用时间长了 还是会发热"
395,星光色,256GB,"这是第一次在京东上买手机，比较放心，也省事方便，家电电器都是在京东买，安全可靠。手机拿到手已经试了下，感觉很好，颜色也很好看，喜欢?。
外形外观：白色
屏幕音效：好
拍照效果：真实
运行速度：好
待机时间：暂时不知道
其他特色：?"
396,午夜色,128GB,一直在用的是苹果系统，这次看到活动，就来购买 iPhone 13了，活动价格是我能够接受的。还是喜欢黑色，非常的炫酷，外观非常漂亮，屏幕优化升级了，最值得期待的还是系统，这次的系统升级真的超级流畅，速度非常快。新款的手机非常多的功能，先说下屏幕吧，就是一眼看过去精细度、色温、色准都很不错，屏幕亮度不错，太阳下看屏幕也很舒服。再就是音效，杜比音效是自动的，低音效果需要开大音量才能体现出来。苹果的系统也是很强大的，iOS系统流畅性和稳定性。120hz的屏幕，日常屏幕操作跟应用和桌面的切换顺滑。系统稳定性十分好，一直喜欢用苹果的手机。还有就是摄像头了，新增了不少摄像模式，比如夜晚的拍照非常好，对环境的辨识度非常高。A15处理器有不少的省电提升，还有对5G网络的优化。充电速度也是很快的，刚用的20W快充技术加持，电池待机效果明显的提升。
397,粉色,256GB,"手机外形很漂免流畅益物
肆。仟拿的，
法供中浩；自然点
颜色很正，开机：教活
递等过程星无向頭．利番上车话
卡开机，就有电话送：
晰。试了照相．京儀等功菲
个了。外观很好看
有质感、屏幕看
效果 很不错、像素高了
照片怎么都好看。5G高遠逗行
超长待机一整天．颜合世好看，
白色看起来简单大气，非幕会平
净整洁。运行非
示细腻，给人很舒
且椙机夜景提升"
398,蓝色,128GB,"21号抢的，说是30号发货，25号就收到了，满满的惊喜！
用了几天才来评论：
第一感觉就是盒子太小气，一点都不高大上，拿出手机的瞬间还是蛮惊艳的！颜色很满意！
反应速度杠杠的，6.1的直面屏，刘海明显小了一圈，显示清晰，最喜欢的是直面屏可以贴钢化膜了。
6.1不会显得小，也不会太大，手感很奈斯  单手操作还是mini强！
唯一不好的就是信号比别的少一格，wifi挺强的！
扬声器声音开到最大没有了层次感，跟个普通喇叭似的。
电池续航很棒，这个是最满意的了！
iohone7后一直用华为，熬不住想换5g手机，华为又没有，再三考虑买了一个13。   相对于还是喜欢华为的续航信号！  商品爱好而已，无关于爱国，请勿喷我！"
399,星光色,256GB,"外形外观：百搭的白色款式 白里透着淡淡的金色
屏幕音效：清晰明亮的色彩 优化升级
拍照效果：滤镜自带美颜效果非常特别 前置摄像头也有亮点 优化升级
运行速度：无敌超级快 灵敏度极好 完全没有任何问题
待机时间：待时间不用可以一天时间 刷就不行 一般 不过充电时间快
其他特色：刷脸支付支解锁 颜色白色好看 不过好不容易抢到的"
400,蓝色,256GB,快递给力，包装四角尖尖。手机外观如图，蓝色很好看，很耐看，沉稳大气不俗气。手机整体感觉很好，没什么惊艳的地方，也没有什么短板，用起来心里感觉很踏实，像一个可靠的伙伴。好的地方，有相机，照片拍出来很真实，颜色亮丽，拍人物很清晰，会把人从背景里衬托出来。逆光也清晰！续航也不错，轻度使用一天可能就掉个百分之十五到二十的电量。重度使用一天，电量也足够了，无需中间充电。处理器速度已经足够快了，日常使用没有任何卡顿。总体感觉不错，是一次很愉快的购物体验。
401,星光色,512GB,发货快，包装严实，各方面都没破损，机子星光色好看，颜值很高，耐看，打开网页丝滑顺畅，游戏不掉帧，分辨率高，功能很齐全，比12多了许多，人脸识别快捷灵敏，，黑暗拍照清晰无差异，音质清脆，待机时间超长，一天重度七八个小时，一天一冲，耐用性大大提高，爱了爱了
402,星光色,128GB,"外形外观：星空色，外观给我一种很惊艳的感觉，特别是星空色，搭配上这个颜色简直绝了?
屏幕音效：双喇叭扬声器很nice?
拍照效果：拍照、录像效果可以说是非常好?，直接把我之前那个Max秒杀
运行速度：A15速度还是很快的，加上iOS15的加持，手机很流畅
待机时间：续航方面相对比12 提升了很多，满电玩了3小时吃鸡还剩40多电量 还是非常不错的?"
403,粉色,256GB,"真的越看越喜欢?太赞啦，手感超棒，画质超清晰裸机还是不太放心的，给手机买了个壳。而且我前一天买的 第二天就到啦 很快
外形外观：很nice 粉色yyds
屏幕音效：很好
拍照效果：超级清晰
运行速度：很快 不管是刷视频还是开网页"
404,星光色,256GB,以前用过5s和7，后来一直用华为，这次13性价比不错就入手了，苹果系统依然很好用，各方面很满意，屏幕流畅，电池耐用，一天只充一次电。京东快递挺快，第二天就收到了，京东上买了五六台手机了，大平台值得信赖。
405,粉色,256GB,"外形外观：外形设计刘海变小了，摄像头位置变化。
屏幕音效：屏幕上的材质有新的材料应用。12 0的刷新率会舒服很多
拍照效果：拍照的效果要比老款好很多
运行速度：运行速度比上一代要提升不少了。送人的很喜欢
待机时间：待机基本掉电不多。玩游戏，刷视频要比之前续航高很多"
406,星光色,128GB,"外形外观：很好很好看王守义十三香果然很香
屏幕音效：音质很好 比之前用的安卓好多啦
拍照效果：拍照很清楚  很好
运行速度：下载应用  手机运行速度也很快
第一次用IPhone 之前都是在用安卓 感觉很多很喜欢王守义十三香果然香"
407,午夜色,128GB,地址别搞错了，又得多等一天
408,午夜色,256GB,"外形外观：外型中规中矩，经典回归
屏幕音效：屏幕柔性三星?屏很好
拍照效果：原图一模一样，真实的人才最美
运行速度：性能强大
待机时间：惟一缺憾就是待机时间不长，中度玩手机一天一充！
其他特色：20瓦快充还是很快的，40分钟充80%的电"
409,蓝色,128GB,"外形外观：经典
屏幕音效：亮度适中，音响效果不错
拍照效果：效果棒棒哒
运行速度：运行正常没有发热现像
待机时间：待机时间很长"
410,午夜色,256GB,外形外观：外形非常好看，经典的方形块还是不错的，考虑到它的外形还有颜色都很喜欢用起来也很流畅选择了256G的，应该够用了。?屏幕音效：钢化磨合手机壳一起到的直接用局必须给京东赞拍照效果：拍照效果比之前更清晰了，颜@彩更饱和了，新片加强了，价格还是很优惠的。?运行速度：苹果系统依然是很流畅的运行速度不用担心一切完美。
411,蓝色,256GB,收到手机很兴奋，睡不着，第一次买这么贵的手机，开箱第一眼，很惊艳，做工精细，完美无瑕，贵有贵的道理。之前考虑过华为麒麟9000，无奈买不到5G，火龙888+持续高温pass，最终只有iphone13。阉割版A15性能功耗方面达到一个平衡，平时就玩下@，吃鸡，王者，戴上套都是温温的。续航不错，满电上班到下班不用充电，比iphone12强多了，不比4-5千毫安的安卓机差。拍照方面，之前用魅族16spro，感觉和iphone13差不多，肥宅很少拍照，就扫个码?。系统方面，第一次用iOS，很不习惯，下载应用只能在Appstore下载，很多收费应用，安卓白嫖习惯了，还有返回手势很不习惯，只能在左边向右划，flyme左右都可以划，这点比iOS好用多，左右单手操作都行。还有苹果的配件是真的贵，真的环保?
412,午夜色,256GB,"特意用了一段时间来评价。首先相信京东正品，还是不错的。
外形外观：外观好看，不是特别重。
屏幕音效：音效不错，屏幕也很灵敏
拍照效果：拍照好看，很还原，很高清。苹果，大家都懂！
运行速度：很快
待机时间：还可以，不太玩手机，一天没问题。
其他特色：总的来说很好，但是还是觉得应该支持国产华为，有一点小后悔。"
413,午夜色,128GB,特别满意的购物体验！很不错经过实测iPhone13 Pro Max与iPhone12 Pro Max在游戏中差距并不大，并且功耗是有所增大的。如果说平时玩游戏多的用户，iPhone12 Pro Max还是非常合适的，售价低的同时性能依然在线，大型游戏均能流畅运行；而对综合能力有着高要求的用户来说，本次iPhone13 Pro Max在屏幕、电池、性能、影像的提升则更能满足您，尤其是首次加入的高刷与智能分辨率在实际表现中还是非常香的。
414,星光色,256GB,ios系统一如既往的流畅，系统其实有很多的快捷操作，一般人会用的估计五分之一都没有。系统的封闭性没有安卓使用的那么多灵活性，同时ios的下的app比安卓下规范很多。airpods用在苹果手机上确实是绝配，同样的歌在ios听起来质感更强。屏幕优秀，续航也很给力。信号?是真的差呀，wifi信号差，比不上18年的安卓机，4G5G信号确实寒酸，嗐
415,星光色,256GB,外形外观：果粉转安卓再度转果粉，拿到手心情非常激动，大爱直角边，系统流畅，刚买没贴膜所以留指纹，商务日常使用完美。
416,星光色,256GB,"外形外观：外形小巧玲珑，外观简洁大方，配色朴素，而有内涵
屏幕音效：屏幕没有绿边，使用丝滑顺畅，打游戏也很舒服
拍照效果：拍照效果杠杠的，画质清晰，像素感人
运行速度：运行流畅，四个腿赶上了别人八个腿的速度
待机时间：够用
其他特色：充电时间不太快，通病"
417,星光色,256GB,"外形外观：之前用的是苹果8p，虽然尺寸大了，但屏幕看视频的区域更小了，不过不影响正常观感，反倒手机的轻巧让我感到很舒适。
屏幕音效：屏幕很好，没有网传很刺眼的感觉。
拍照效果：真的很棒，除了夜间有&ldquo;鬼影&rdquo;其它很棒
待机时间：强到离谱
运行速度：A15性能杠杠的"
418,午夜色,128GB,"外形外观：黑色的比较经典，高大上
屏幕音效：没有杂音，质感不错
拍照效果：手机的像素，我非常喜欢，苹果手机拍照
运行速度：内存大一点都不卡
待机时间：以自己的使用情况而定"
419,绿色,256GB,"手感超级舒服，绿色颜色鲜艳，辨识度很不错，运行速度新机很爽，256内存也够用，就是不知道4G运存时间久了够不够用，现在有优惠价格还不错！
屏幕音效：音效很棒
拍照效果：体验不明显
运行速度：新机不错的
外形外观：外观设计风格非常好看"
420,午夜色,128GB,iPhone 13性价比真的高，真是13香，而且赠了充电器，很值得买，13的屏幕素质真高，显示效果很细腻，处理器太强了，秒杀其他手机，玩游戏非常的流畅，而且手机发热控制也很好，物流速度快，服务态度也很好！
421,远峰蓝色,128GB 原装20W闪充,13香，真的香，卖家很好，送了一堆东西。第一次从安卓区过来，真心发表个人感想，首先13pro的续航真的太好用了，和之前用的四五千毫安电池的安卓机真就五五开了，牛！而且虽然像素低，但就是靠着顶级的算完美发挥，我真不敢相信这是1600像素拍出来的照片，最后就是整体体验非常好。但不得不说，苹果手机打字还有点不习惯，真得花点时间去适应。
422,远峰蓝色,256GB,外关很不错，很精致，漂亮，很喜欢，颜色也是我喜欢的，犹豫了好久也挑选了好多家的最后还是买了这家的，
423,石墨色,256GB,选择很久了，这款手机终于入手了，虽然不能分期支付一次性支付也怪香的，手感款式都很不错，价格大家都一样，这个商家送了手机壳和钢化膜还是不错的，需要一级买充电器，其他的都挺好的，很喜欢了，颜色也大气不错上档次
424,石墨色,256GB,我一直使用习惯苹果手机了，好久就想换了，这次终于换了，用起来真的是非常不错。内存容量大，用起来就方便了&hellip;&hellip;
425,石墨色,256GB,"外形外观：外观很喜欢！
拍照效果：牌照效果也非常棒！
待机时间：待机时间也比以前强多了！"
426,银色,128GB,"外形外观：金属边框使用起来手感很好
屏幕音效：屏幕尺寸够大，还是全面屏，声音效果很好，声音响亮
拍照效果：照片清晰，照片层次感分明
运行速度：运行流畅无卡顿"
427,石墨色,256GB,"快递很快 过年前就能换到新的手机很开心
外形外观：最喜欢的黑色
屏幕音效：肥肠的可以
拍照效果：nice清晰
运行速度：比闪电快"
428,石墨色,128GB 原装20W闪充,"手机是正品，用着很流畅，屏幕很清晰。
屏幕音效：清晰
运行速度：很快
待机时间：持久"
429,石墨色,256GB,"给女朋友买的，她很喜欢。
拍照效果：比苹果的其他系列好
运行速度：运行速度很快
待机时间：正常使用的话一天不需要充电"
430,远峰蓝色,512GB 原装20W闪充,手机非常好，店家服务一流，最快的时间送给到手中，现在pro还是一机难求的情况下，让我更早的拿到，赞?
431,远峰蓝色,256GB,苹果13很完美的，拍照比较清晰，手感很好。外观很酷，拍照效果非常清晰，有预算直接上256。
432,远峰蓝色,512GB 原装20W闪充,13确实不错 抢到真不容易 刘海比以前精致了 运行速率也快了很多 玩游戏杠杠滴 没有任何可以阻止我上分的脚步
433,银色,128GB,全新正品未激活未拆封  到货速度很快   13pro续航能力很长   这银色大爱啊   送的壳和膜都非常好  拍照效果杠杠得  运行速度很快  听歌音效有立体声  反正没缺点
434,石墨色,256GB,从发行到双十一入手后，运行起来还是一如既往地流畅。十三真香，除了机子有点厚以外其他都没毛病。拍照效果杠杠滴，运行速度很快。音效就没得说了真棒
435,远峰蓝色,256GB,我用了几天都没有出现一点问题，运行流畅，质量稳定。朋友很满意。支持苹果，永远的神！
436,远峰蓝色,256GB,快递速度很快 屏幕清晰 运行流畅 玩游戏没有卡顿现象 游戏体验不错
437,远峰蓝色,256GB 原装20W闪充,终于等到13香了，包装得很好，没有损坏，客服服务也很贴心
438,远峰蓝色,128GB,十三香果然名不虚传。无论外观还是使用体验都是超级一流的棒。第一台手机是摩托罗拉外，苹果手机一直用到现在。其中的原因就不言而喻了。物有所值。物超所值。
439,远峰蓝色,128GB,因为是疫情原因 快递两周才到， 解封后很快就到手上了 打开后发现摄像头位置有点磨损
440,金色,256GB 原装20W闪充,手机是正品，已经用了几天非常好，店家客服也很好，值得推荐，物流发货也很快。
441,银色,256GB,发货速度非常快，正品保证，还有赠品，很满意
442,远峰蓝色,128GB 原装20W闪充,手机是正品，送了很多大牌东西，很好支持很好?
443,远峰蓝色,128GB,"外形外观：好看
运行速度：速度快
电池续航非常能打"
444,银色,256GB,第1次从安卓转换到苹果。外观很精致也很漂亮是女朋友喜欢的颜色喜欢的颜色商家服务态度非常好，物流速度也非常快。
445,金色,256GB,非常好，没差，还赠送了壳膜套装，发货很快的，用起来很顺手，很满意。
446,远峰蓝色,256GB,"外形外观：非常好看
运行速度：很快
爱了爱了"
447,远峰蓝色,128GB,手机很好用，正品，店家服务态度很好，发货速度很快，赞一个，活动价格给力
448,远峰蓝色,256GB,运行流畅，外观设计非常好看，是正品，客服态度很好。
449,远峰蓝色,128GB 原装20W闪充,物流很快，正品行货，下次还来这买。
450,远峰蓝色,128GB,速度超快，不到24小时收到了！手机性能很好，喜欢?
451,256G 金色,套装五：搭配 店铺延保一年,颜色比图片上的更好看，质感非常好，整体很在线，试了一下拍摄，拍出来的画面确实很好看。
452,256G 苍岭绿色,套装一：搭配 90天碎屏保障,"外形外观：相当好看，从曲面屏回到直屏真不错
屏幕音效：好！
拍照效果：相当好，13pro拍照就是强
运行速度：新系统加新芯片杠杠滴
待机时间：很长，没有后台程序续航可以小撑一天"
453,256G 远峰蓝色,套装二：搭配 20W原充头,东西收到很快，外观特别好，屏幕清楚，运程度很好
454,256G 金色,套装一：搭配 90天品胜碎屏保障,"外形外观：两个字 高级。质感真的与众不同，我买的是金色，日落金的感觉，我认为是最好看的一个颜色。
屏幕音效：震动手感是一流，哒哒哒的感觉真的会上瘾。
拍照效果：还可以，但肯定不如安卓顶级旗舰，毕竟镜头硬件确实拉。
运行速度：很快，配合上13Pro的自适应高刷，纵享丝滑，同时还可以免除续航焦虑，十三香啊。"
455,128G 远峰蓝色,套装一：搭配 90天品胜碎屏保障,"外形外观：很棒 尺寸正合适
屏幕音效：顶级屏幕 音质也很棒
拍照效果：摄像感觉很棒 拍摄比拍照厉害
运行速度：没得说高刷新很舒服"
456,128G 金色（享一年延保）,套装一：搭配 90天碎屏保障,"很棒，是正品
买了这个12就可以退休了哈哈哈
外形外观：金灿灿的，很好看
屏幕音效：很棒，ios的音效从来没有让人失望过
拍照效果：这次13特别改进了拍照效果，肯定好评
运行速度：a15，不用问了
待机时间：大概五小时
其他特色：好看好看好看"
457,128G 远峰蓝色,套装一：搭配 90天碎屏保障,"外形外观：完美
屏幕音效：完美
拍照效果：好  清晰
运行速度：快
待机时间：长"
458,128G 远峰蓝色,套装一：搭配 90天品胜碎屏保障,"外形外观：挺好的，很圆润，也不会烙手
屏幕音效：声音很大，音效很好
拍照效果：就拍了2张还没感觉
运行速度：：相当快"
459,256G 石墨色,套装一：搭配 90天品胜碎屏保障,"外形外观：漂亮
屏幕音效：非常喜欢
拍照效果：很棒
运行速度：很快
待机时间：一天半"
460,256G 金色,套装二：搭配 20W原装闪充,发货速度很快很快，查过序列号，也没有激活过。是，前屏跟后屏也都没有问题，安全下车，放心啦。机子用起来很流畅，暂时没出现发热状态，很好用。13香。
461,256G 石墨色,套装三：搭配 12期白条免息,"外形外观：好看，大气
屏幕音效：清晰
拍照效果：好，清晰
运行速度：快"
462,256G 石墨色,套装二：搭配 20W原充头,古德古德    背面磨砂很舒服  摄像头也挺好的   颜值在线
463,256G 远峰蓝色,套装一：搭配 90天碎屏保障,没有瑕疵，用这挺舒服的，ppi好像460多，屏幕显示极其细腻，120自适应高刷体验非常棒，期待14p会有啥升级
464,256G 远峰蓝色,套装一：搭配 90天品胜碎屏保障,是真品，手机非常好用，原神能开120帧，太牛了，13香啊
465,128G 银色,套装二：搭配 20W原充头,"外形外观：选的白色，大气，特好看
运行速度：特快
待机时间：刚收到，还没正式使用"
466,256G 石墨色,套装二：搭配 20W原装闪充,手机还行，信号是真的差。
467,256G 石墨色,套装三：搭配 12期白条免息,全新正品国行未激活 手机也没问题 很好的一次购物体验
468,256G 远峰蓝色,套装二：搭配 20W原装闪充,苹果13pro收到了 外观很大气 颜色很绅士 功能强大 特别喜欢这个三个摄像头的样子 上手容易 运行速度超快
469,256G 金色（享一年延保）,套装三：搭配 12期白条免息,外观好看 很小巧 好用 很惊喜喜欢的很
470,256G 金色,套装一：搭配 90天品胜碎屏保障,"正版，已经是第二次购买了
外形外观：宝贝收到后很满意，外形颜色也很喜欢，挑选好多家，果然没看错，希望把好物分享给大家??
屏幕音效：宝贝确实很棒，个人非常喜欢，朋友也说好来着，推荐购买
拍照效果：真的超级喜欢，质量非常好，与卖家描述的一致！
待机时间：每一次都很满意，这次选的宝贝更加满意，以后还会一如既往地买下去"
471,256G 金色,套装一：搭配 90天品胜碎屏保障,"对象送的春节礼物?手感比12重一些，很有质感，操作很丝滑，香槟色配磨砂背板真的太好看了，有光的时候会透出金色，没有强光的时候看着就像白色，有种鎏金白的感觉，无敌赞啊！！！
拍照巨6，我不带眼镜的时候就拿这个手机当望远镜使了，百米清晰不在话下，而且春节物流也好快，下午买的第二天早上就到了，超级无敌赞，官网约了一个月的白色都没出库，还是京东方便(?&bull;?&omega;&bull;?)???(ゝ&omega;?&acute;★)"
472,128G 远峰蓝色,套装一：搭配 90天品胜碎屏保障,"帅还真全新 高级的手机 虽然很贵 但是非常建议购买 金色也很好看
屏幕音效：非常好
拍照效果：顶级
运行速度：无敌"
473,128G 石墨色,套装一：搭配 90天品胜碎屏保障,像素清晰   反应贼快，  是正品价格合适。嗯，在京东上买的，配送速度非常快，用的是京东物流。然后拆开包装，还好。感觉还行吧。岁月。推荐大家在这里买。就这样吧。加油加油加油。
474,256G 苍岭绿色,套装一：搭配 90天碎屏保障,特意用了几天来评价，这个颜色很奈斯，清爽，屏幕很高清，拍照拍视频也很清晰，手机反应也还可以，用来做直播不卡
475,128G 银色,套装一：搭配 90天品胜碎屏保障,对象送的春节礼物?手感比12重一些，很有质感，操作很丝滑，香槟色配磨砂背板真的太好看了，有光的时候会透出金色，没有强光的时候看着就像白色，有种鎏金白的感觉，无敌赞啊！！！拍照巨6，我不带眼镜的时候就拿这个手机当望远镜使了，百米清晰不在话下，而且春节物流也好快，下午买的第二天早上就到了，超级无敌赞，官网约了一个月的白色都没出库，还是京东方便(?&bull;?&omega;&bull;?)???(ゝ&omega;?&acute;★)
476,256G 石墨色（享一年延保）,套装二：搭配 20W原装闪充,"到货很快 客服回复速度也快
手机本身肯定没话说 毕竟快1W 
店铺送了延保一年 很实用
主要是妈妈收到礼物非常开心?"
477,256G 石墨色（享一年延保）,套装二：搭配 20W原装闪充,手机已收到，质量很好，体验不错。值得信赖！
478,256G 石墨色,套装一：搭配 90天品胜碎屏保障,手机全新未拆封，屏幕很大，屏幕很清晰   外观漂亮，质量很好，手感不错
479,128G 石墨色（享一年延保）,套装二：搭配 20W原装闪充,"一如既往的好，用习惯了苹果，
卖家发货速度很快，收到第一时间验机，没任何问题！
这次换了128的，足够用，运行速度明显比12有提升。"
480,256G 银色,套装一：搭配 90天碎屏保障,发货很快，iPhone13pro性能强劲，120hz高刷屏很丝滑，做工一流，银色绝美，不愧是苹果目前最强的旗舰机，十分满意
481,远峰蓝色,256GB,手大，应该买max，后悔了?
482,远峰蓝色,256GB,收到货了，啊，真香!长焦镜头yyds，拍照，拍视频绝了，个人也是非常喜欢拍照啥的。镜头很大要比之前用的11大好多，凸出的感觉好高，但这并不影响，问题不大，哈哈。嗯，nice 外观没得说好看。系统还是一样的丝滑。双扬听歌看视频都很舒服，音质很好。待机时间个人感觉还是有点短。
483,远峰蓝色,256GB,好评，手机很好用，一直用苹果机，一如既往地喜欢。
484,远峰蓝色,256GB,"外形外观：好看
屏幕音效：好听
拍照效果：不错"
485,远峰蓝色,256GB,正品，很好，用过了才来评价的
486,远峰蓝色,256GB,一波三折，一直不发货，下了订单一直等，等待过程中降价，特价商品不能保价。然后退单再下订单，临近618又降价，来回退了好几次，还好买到了最~！
487,远峰蓝色,256GB,还不错，没有提前激活
488,远峰蓝色,256GB,使用起来相当完美，很满意
489,远峰蓝色,256GB,"快递速度快，手机性能好没有异常
外形外观：美观
屏幕音效：声音无杂质
拍照效果：十分清晰
运行速度：很快
待机时间：电池续航能力强"
490,远峰蓝色,256GB,此用户未填写评价内容
491,远峰蓝色,256GB,手机没得说，必须好评，只要不上手没问题，基本就放心了，瑕疵率还是比较低的，品控值得相信，
492,远峰蓝色,256GB,回购
493,远峰蓝色,256GB,正品无疑了，确实苹果系统流畅度是没问题的
494,远峰蓝色,256GB,此用户未填写评价内容
495,远峰蓝色,256GB,犹豫了很久一直没买，刚好又降价100元，买了之后又涨回去了，13P就是好看。
496,远峰蓝色,256GB,手机已用上，刚刚的！
497,远峰蓝色,256GB,质量不错，京东速度杠杠滴！期待iPhone14
498,远峰蓝色,256GB,当然很好了，当然满意了
499,远峰蓝色,256GB,水货手机
500,远峰蓝色,256GB,用起来丝滑顺畅
501,远峰蓝色,256GB,送人的，目前用着还可以
502,远峰蓝色,256GB,手机收到用上已经很久了，当然没有在它最优惠的时候买上，颜色喜欢，各方面都喜欢，推荐大家购买
503,远峰蓝色,256GB,不错，13p手感很不错
504,远峰蓝色,256GB,O，好东西呀，太好了
505,远峰蓝色,256GB,物流挺快，包装一般
506,远峰蓝色,256GB,有划痕，掉漆，别的都还好，本来想换，我老公说凑合用吧，物流还是很快，客服解决问题速度慢，
507,远峰蓝色,256GB,很香
508,远峰蓝色,256GB,"外形外观：外观好看，轻薄，max太大，这个刚刚好

屏幕音效：屏幕妥妥的，没得说

拍照效果：拍照比不上安卓，或者说各有胜负，但是拍视频真的是碾压安卓
运行速度：快如闪电，安卓回不去了
其他特色：没有返回键是缺点"
509,远峰蓝色,256GB,机器很好，是正品，体验感十分好
510,远峰蓝色,256GB,一分价钱一分货。挺好的
511,远峰蓝色,128GB 原装20W闪充,13香，真的香，卖家很好，送了一堆东西。第一次从安卓区过来，真心发表个人感想，首先13pro的续航真的太好用了，和之前用的四五千毫安电池的安卓机真就五五开了，牛！而且虽然像素低，但就是靠着顶级的算完美发挥，我真不敢相信这是1600像素拍出来的照片，最后就是整体体验非常好。但不得不说，苹果手机打字还有点不习惯，真得花点时间去适应。
512,远峰蓝色,256GB,外关很不错，很精致，漂亮，很喜欢，颜色也是我喜欢的，犹豫了好久也挑选了好多家的最后还是买了这家的，
513,石墨色,256GB,选择很久了，这款手机终于入手了，虽然不能分期支付一次性支付也怪香的，手感款式都很不错，价格大家都一样，这个商家送了手机壳和钢化膜还是不错的，需要一级买充电器，其他的都挺好的，很喜欢了，颜色也大气不错上档次
514,石墨色,256GB,我一直使用习惯苹果手机了，好久就想换了，这次终于换了，用起来真的是非常不错。内存容量大，用起来就方便了&hellip;&hellip;
515,石墨色,256GB,"外形外观：外观很喜欢！
拍照效果：牌照效果也非常棒！
待机时间：待机时间也比以前强多了！"
516,银色,128GB,"外形外观：金属边框使用起来手感很好
屏幕音效：屏幕尺寸够大，还是全面屏，声音效果很好，声音响亮
拍照效果：照片清晰，照片层次感分明
运行速度：运行流畅无卡顿"
517,石墨色,256GB,"快递很快 过年前就能换到新的手机很开心
外形外观：最喜欢的黑色
屏幕音效：肥肠的可以
拍照效果：nice清晰
运行速度：比闪电快"
518,石墨色,128GB 原装20W闪充,"手机是正品，用着很流畅，屏幕很清晰。
屏幕音效：清晰
运行速度：很快
待机时间：持久"
519,石墨色,256GB,"给女朋友买的，她很喜欢。
拍照效果：比苹果的其他系列好
运行速度：运行速度很快
待机时间：正常使用的话一天不需要充电"
520,远峰蓝色,512GB 原装20W闪充,手机非常好，店家服务一流，最快的时间送给到手中，现在pro还是一机难求的情况下，让我更早的拿到，赞?
521,远峰蓝色,256GB,苹果13很完美的，拍照比较清晰，手感很好。外观很酷，拍照效果非常清晰，有预算直接上256。
522,远峰蓝色,512GB 原装20W闪充,13确实不错 抢到真不容易 刘海比以前精致了 运行速率也快了很多 玩游戏杠杠滴 没有任何可以阻止我上分的脚步
523,银色,128GB,全新正品未激活未拆封  到货速度很快   13pro续航能力很长   这银色大爱啊   送的壳和膜都非常好  拍照效果杠杠得  运行速度很快  听歌音效有立体声  反正没缺点
524,石墨色,256GB,从发行到双十一入手后，运行起来还是一如既往地流畅。十三真香，除了机子有点厚以外其他都没毛病。拍照效果杠杠滴，运行速度很快。音效就没得说了真棒
525,远峰蓝色,256GB,我用了几天都没有出现一点问题，运行流畅，质量稳定。朋友很满意。支持苹果，永远的神！
526,远峰蓝色,256GB,快递速度很快 屏幕清晰 运行流畅 玩游戏没有卡顿现象 游戏体验不错
527,远峰蓝色,256GB 原装20W闪充,终于等到13香了，包装得很好，没有损坏，客服服务也很贴心
528,远峰蓝色,128GB,十三香果然名不虚传。无论外观还是使用体验都是超级一流的棒。第一台手机是摩托罗拉外，苹果手机一直用到现在。其中的原因就不言而喻了。物有所值。物超所值。
529,远峰蓝色,128GB,因为是疫情原因 快递两周才到， 解封后很快就到手上了 打开后发现摄像头位置有点磨损
530,金色,256GB 原装20W闪充,手机是正品，已经用了几天非常好，店家客服也很好，值得推荐，物流发货也很快。
531,银色,256GB,发货速度非常快，正品保证，还有赠品，很满意
532,远峰蓝色,128GB 原装20W闪充,手机是正品，送了很多大牌东西，很好支持很好?
533,远峰蓝色,128GB,"外形外观：好看
运行速度：速度快
电池续航非常能打"
534,银色,256GB,第1次从安卓转换到苹果。外观很精致也很漂亮是女朋友喜欢的颜色喜欢的颜色商家服务态度非常好，物流速度也非常快。
535,金色,256GB,非常好，没差，还赠送了壳膜套装，发货很快的，用起来很顺手，很满意。
536,远峰蓝色,256GB,"外形外观：非常好看
运行速度：很快
爱了爱了"
537,远峰蓝色,128GB,手机很好用，正品，店家服务态度很好，发货速度很快，赞一个，活动价格给力
538,远峰蓝色,256GB,运行流畅，外观设计非常好看，是正品，客服态度很好。
539,远峰蓝色,128GB 原装20W闪充,物流很快，正品行货，下次还来这买。
540,远峰蓝色,128GB,速度超快，不到24小时收到了！手机性能很好，喜欢?
541,石墨黑,256G全网通【电池效率100%】,良心卖家，价格实惠，性价比高，100%电池，二手手机可以是这个品质真的很难得，所以一定评论一下，让更多的人看到，强烈推荐！
542,石墨黑,256G全网通【电池效率100%】,手机嘎嘎新 用起来非常好 特别特别新 值得我们去回购 赶紧下手
543,石墨黑,128G全网通【电池效率100%】,卖家发货很快，客服服务很好，开箱验机没问题，没有瑕疵，电池效率100，和之前在官网买的机子一样。卖家很有诚意，好卖家。
544,远峰蓝,256G全网通【电池效率100%】,"价格很实惠，比新机便宜两千多
机器很靓，全新机一样，无一点磕碰划痕，一次电没充过
爱思沙漏全绿，沙漏显示零售机，
就很nice(&sigma;?&forall;?)&sigma;??????????"
545,远峰蓝,256G全网通【电池效率100%】,非常满意的一次购物，特意用了几天才过来评价的，一点问题都没有，跟新的一样质量不错外观没有刮花，一切功能正常
546,远峰蓝,256G全网通【电池效率100%】,好啊  手感好的不得了  拍照也好   打游戏不烫   续航很给力
547,远峰蓝,256G全网通【电池效率100%】,机子很新，收到货先给好评，客服回复也快，电子产品还是信赖京东吧
548,石墨黑,256G全网通【电池效率100%】,特别好，下次还会来，第一次买资源机就没翻车，充电0次，电池100，相当满意
549,远峰蓝,256G全网通【电池效率100%】,第一次买资源机，刚开始挺忐忑。收到后打开非常满意。完美无划痕。
550,远峰蓝,256G全网通【电池效率100%】,商家服务特别好，特别耐心的。
551,远峰蓝,256G全网通【电池效率100%】,"手机很完美。真香定律，分分钟都体现
配了一个好看有趣的手机壳。完美"
552,远峰蓝,256G全网通【电池效率100%】,成色基本全新，音质也很不错，刚到货一天，目前感觉不错，速度反应比我之前的xr快多了！
553,远峰蓝,256G全网通【电池效率100%】,外观无瑕疵，真的电池100%的，性价比超高、值得购买
554,远峰蓝,256G全网通【电池效率100%】,手机可以一点划痕都没有第一次买资源机性价比很高
555,远峰蓝,256G全网通【电池效率100%】,"远峰蓝颜色太赞了，很顺滑完全没有问题，
手机很好，是正品
发货很快，包装的很好，价格也特别实惠，值得购买
~o(〃'▽'〃)o"
556,银色,256G全网通【白条12期免息】,外观很漂亮，无瑕疵，用后再来评价哦
557,远峰蓝,256G全网通【电池效率100%】,大家谨慎购买，这么明显的问题，商家说正常的。说给18块钱的补偿，呵呵??????
558,远峰蓝,256G全网通【电池效率100%】,买给老婆的礼物?苹果13pro已经收到，福建疫情期间，广州到漳州能做到隔日达非常不容易，京东物流非常给力。当着快递小哥面拆封，产品包装四角完整撕条完好，没有运损没有瑕疵。然后验证手机各编码都通过，确信是国行正品。其实我已经在京东自营买过7把手机，正品绝对没有问题，但例行检查验证也是必要的。苹果13发布没几天，仿的翻新的也没那么快。为什么我在京东自营买，没有苹果官网买？因为京东自营值得信赖，快递速度快又安全。目前手机正在试用中，没有发现什么瑕疵，使用感受过一段时间再来追评。快递小哥沈先生服务很好，五星好评十分满意。
559,远峰蓝,256G全网通【电池效率100%】,外形外观：边框金属质感很好；宽度合适，女生单手握感舒适；做工精致，品控良好，边角处无硌手感；金@泽均匀。屏幕音效：屏幕显示清晰细腻，无粉绿屏情况出现；直面屏视感好且不易碎裂。拍照效果：对景物本色还原好，长焦镜头拍照实际体验优秀；电影模式简单好用。运行速度：Pro版本下A15芯片、6G大运存配合IOS系统，运行速度快且杀后台情况几乎没有。待机时间：3000多毫安电池容量诚意更足，待机时长比上代版本有明显提升。其他特色：屏幕素质顶级，自适应高刷省电显示效果又有保障。更大容量电池，待机更长。已经查了各种序列号等，确定为原装正品。同时京东物流送货速度快，包装严实，服务态度好。
560,远峰蓝,256G全网通【电池效率100%】,不错，很喜欢，考虑了半年
561,远峰蓝,256G全网通【电池效率100%】,手机收到，非常满意，老板服务到位！值得信赖的商家
562,远峰蓝,256G全网通【电池效率100%】,送货很快，性能很好，值得推荐
563,远峰蓝,256G全网通【电池效率100%】,iPhone13pro已到手，首发在官网上没抢到，如果预购得等到11月份才能到货，后来在京东上也是抱着试试的心态看能不能抢到，连着抢了两天结果竟然抢到了，并且第二天就收到货了，给京东点赞?。现在是用了几天才来评价，综合来讲13pro是真的棒。首先13pro的外观非常漂亮，尤其是摄像头模组很帅、120hz自适应高刷非常流畅，摄像头的微距拍摄和电影模式是真棒，并且电池比上一代有了很大的提升！
564,远峰蓝,256G全网通【电池效率100%】,个人也是非常喜欢拍照啥的，镜头很大。凸出的感觉很好。
565,远峰蓝,256G全网通【电池效率100%】,手机收到了，用了一天才来评论的。手机非常新没有使用痕迹，充电1次。非常好，商家服务也很好，很愉快的一次购物！
566,银色,256G全网通【电池效率100%】,第二次买了。介绍朋友来都。手机电量是100%体验感很好
567,远峰蓝,256G全网通【电池效率100%】,机器成色非常满意，用爱思看了一下，正品机。
568,远峰蓝,128G全网通【电池效率100%】,自己用爱思助手查的 很完美 屏幕也是三星顶级的屏幕 手机和商家描述的一样 用了一个礼拜了 很好 还得是120赫兹高刷?性价比拉满！
569,远峰蓝,256G全网通【电池效率100%】,手机很新，电池容量100%
570,远峰蓝,256G全网通【电池效率100%】,儿子说很好！ 还弄了一些软件评估，都很不错哦！
571,星光色,256GB,iPhone13真的太惊艳了，比较爱玩游戏，最喜欢是就是iPhone了，打游戏完全不会卡顿。之前的手机是内存不够，心心念念的手机终于到手了。13的运行速度非常快，打游戏真的太流畅了，真的非常喜欢这个手机。外观很好看，手感拿着很有质感，屏幕看着非常好，拍照效果很不错，像素高了，新机拍照片怎么都好看。5G高速运行，超长待机一整天。颜色也好看，白色看起来简单大气，非常的干净整洁。运行非常流畅，屏幕显示细腻，给人很舒服的感觉，而且相机夜景提升很大，拍出来的效果堪比佳能相机。之前的手机内存不够了，这次趁着活动购买的，直接卖的是256G的，这下就不怕内存不足了，性价比比较高。待时间不用可以一天时间，刷视频就不行，不过充电时间快，还是非常喜欢这个手机的。而且色彩的优化升级很好，百搭的白色款式。特意使用了半个月，体验感非常好，有经典一代的感觉。
572,粉色,128GB,iPhone13手机收到了，粉色也太好看了吧，真的很喜欢这款手机。真的是一款很不错的手机，手感非常舒服，握持感非常舒服。感觉拍照效果比之前12提升了很多，新一代运行速度快了很多，系统非常流畅，真的很喜欢了。电池也还不错，正常使用，一天到晚上还有百分之30左右。玩游戏也不会发烫，温度都能接受。拍照技术含量高，自带美颜效率非常好，前置摄像头有亮点，非常喜欢！防抖功能也超级赞！音乐播放的音效也特别满意，手机边框手感特别舒服。对于女生来说，拍照打游戏还是很喜欢的。不过单手操作的话还是mini强！音质非常好，屏幕显示细腻色彩饱满，拍照色彩还原度不错，夜景画面比较纯净。使用了一周了，感觉使用感受非常好，外观也好看，摄像有所升级，比12有改进，增加了电影模式太好了，满足了日常需求。电池比以前的要大，充一次电可以用一整天了，总体感觉挺满意的。
573,午夜色,128GB,iPhone 13手机很快就拿到了，打开非常的惊喜呀，非常大气的13手机。我买的是128GB的，这个就够我用了，很好看的手机，我觉得午夜色非常的大气，很有感觉的一部手机。外形非常好看，拿在手里也是非常的舒服，手感很好！手机背面是玻璃亮镜面的材质，这种磨砂与亮面的搭配，看上去非常时尚大气，外观看上去很上档次，方正的外观设计给人感觉非常稳重，很经典的设计。不过还有一点就是今年这款iPhone13的外观设计，跟上一代iPhone12改变不大。一直就是很喜欢苹果手机，就是因为它的系统流畅，升级的A15处理器有不少的省电提升，还有对5G网络的优化，而且还有20W的快充设计，被称为最强的手机。13的拍照也提升了，拍照很清晰，能够满足日常使用，新加的拍视频电影效果很不错。而且手机的待机时间也提升了，音效也很好，运行速度非常快。用了一个星期了，各方面都挺好的！非常满意的一次购物！
574,蓝色,128GB,"外形外观：颜值很高
屏幕音效：声音比之前的苹果手机大 ，音效很好
拍照效果：清晰&hellip;&hellip;&hellip;&hellip;
运行速度：快&hellip;&hellip;&hellip;&hellip;
待机时间：还有待加强&hellip;&hellip;
其他特色：用时间长了 还是会发热"
575,星光色,256GB,"这是第一次在京东上买手机，比较放心，也省事方便，家电电器都是在京东买，安全可靠。手机拿到手已经试了下，感觉很好，颜色也很好看，喜欢?。
外形外观：白色
屏幕音效：好
拍照效果：真实
运行速度：好
待机时间：暂时不知道
其他特色：?"
576,午夜色,128GB,一直在用的是苹果系统，这次看到活动，就来购买 iPhone 13了，活动价格是我能够接受的。还是喜欢黑色，非常的炫酷，外观非常漂亮，屏幕优化升级了，最值得期待的还是系统，这次的系统升级真的超级流畅，速度非常快。新款的手机非常多的功能，先说下屏幕吧，就是一眼看过去精细度、色温、色准都很不错，屏幕亮度不错，太阳下看屏幕也很舒服。再就是音效，杜比音效是自动的，低音效果需要开大音量才能体现出来。苹果的系统也是很强大的，iOS系统流畅性和稳定性。120hz的屏幕，日常屏幕操作跟应用和桌面的切换顺滑。系统稳定性十分好，一直喜欢用苹果的手机。还有就是摄像头了，新增了不少摄像模式，比如夜晚的拍照非常好，对环境的辨识度非常高。A15处理器有不少的省电提升，还有对5G网络的优化。充电速度也是很快的，刚用的20W快充技术加持，电池待机效果明显的提升。
577,粉色,256GB,"手机外形很漂免流畅益物
肆。仟拿的，
法供中浩；自然点
颜色很正，开机：教活
递等过程星无向頭．利番上车话
卡开机，就有电话送：
晰。试了照相．京儀等功菲
个了。外观很好看
有质感、屏幕看
效果 很不错、像素高了
照片怎么都好看。5G高遠逗行
超长待机一整天．颜合世好看，
白色看起来简单大气，非幕会平
净整洁。运行非
示细腻，给人很舒
且椙机夜景提升"
578,蓝色,128GB,"21号抢的，说是30号发货，25号就收到了，满满的惊喜！
用了几天才来评论：
第一感觉就是盒子太小气，一点都不高大上，拿出手机的瞬间还是蛮惊艳的！颜色很满意！
反应速度杠杠的，6.1的直面屏，刘海明显小了一圈，显示清晰，最喜欢的是直面屏可以贴钢化膜了。
6.1不会显得小，也不会太大，手感很奈斯  单手操作还是mini强！
唯一不好的就是信号比别的少一格，wifi挺强的！
扬声器声音开到最大没有了层次感，跟个普通喇叭似的。
电池续航很棒，这个是最满意的了！
iohone7后一直用华为，熬不住想换5g手机，华为又没有，再三考虑买了一个13。   相对于还是喜欢华为的续航信号！  商品爱好而已，无关于爱国，请勿喷我！"
579,星光色,256GB,"外形外观：百搭的白色款式 白里透着淡淡的金色
屏幕音效：清晰明亮的色彩 优化升级
拍照效果：滤镜自带美颜效果非常特别 前置摄像头也有亮点 优化升级
运行速度：无敌超级快 灵敏度极好 完全没有任何问题
待机时间：待时间不用可以一天时间 刷就不行 一般 不过充电时间快
其他特色：刷脸支付支解锁 颜色白色好看 不过好不容易抢到的"
580,蓝色,256GB,快递给力，包装四角尖尖。手机外观如图，蓝色很好看，很耐看，沉稳大气不俗气。手机整体感觉很好，没什么惊艳的地方，也没有什么短板，用起来心里感觉很踏实，像一个可靠的伙伴。好的地方，有相机，照片拍出来很真实，颜色亮丽，拍人物很清晰，会把人从背景里衬托出来。逆光也清晰！续航也不错，轻度使用一天可能就掉个百分之十五到二十的电量。重度使用一天，电量也足够了，无需中间充电。处理器速度已经足够快了，日常使用没有任何卡顿。总体感觉不错，是一次很愉快的购物体验。
581,星光色,512GB,发货快，包装严实，各方面都没破损，机子星光色好看，颜值很高，耐看，打开网页丝滑顺畅，游戏不掉帧，分辨率高，功能很齐全，比12多了许多，人脸识别快捷灵敏，，黑暗拍照清晰无差异，音质清脆，待机时间超长，一天重度七八个小时，一天一冲，耐用性大大提高，爱了爱了
582,星光色,128GB,"外形外观：星空色，外观给我一种很惊艳的感觉，特别是星空色，搭配上这个颜色简直绝了?
屏幕音效：双喇叭扬声器很nice?
拍照效果：拍照、录像效果可以说是非常好?，直接把我之前那个Max秒杀
运行速度：A15速度还是很快的，加上iOS15的加持，手机很流畅
待机时间：续航方面相对比12 提升了很多，满电玩了3小时吃鸡还剩40多电量 还是非常不错的?"
583,粉色,256GB,"真的越看越喜欢?太赞啦，手感超棒，画质超清晰裸机还是不太放心的，给手机买了个壳。而且我前一天买的 第二天就到啦 很快
外形外观：很nice 粉色yyds
屏幕音效：很好
拍照效果：超级清晰
运行速度：很快 不管是刷视频还是开网页"
584,星光色,256GB,以前用过5s和7，后来一直用华为，这次13性价比不错就入手了，苹果系统依然很好用，各方面很满意，屏幕流畅，电池耐用，一天只充一次电。京东快递挺快，第二天就收到了，京东上买了五六台手机了，大平台值得信赖。
585,粉色,256GB,"外形外观：外形设计刘海变小了，摄像头位置变化。
屏幕音效：屏幕上的材质有新的材料应用。12 0的刷新率会舒服很多
拍照效果：拍照的效果要比老款好很多
运行速度：运行速度比上一代要提升不少了。送人的很喜欢
待机时间：待机基本掉电不多。玩游戏，刷视频要比之前续航高很多"
586,星光色,128GB,"外形外观：很好很好看王守义十三香果然很香
屏幕音效：音质很好 比之前用的安卓好多啦
拍照效果：拍照很清楚  很好
运行速度：下载应用  手机运行速度也很快
第一次用IPhone 之前都是在用安卓 感觉很多很喜欢王守义十三香果然香"
587,午夜色,128GB,地址别搞错了，又得多等一天
588,午夜色,256GB,"外形外观：外型中规中矩，经典回归
屏幕音效：屏幕柔性三星?屏很好
拍照效果：原图一模一样，真实的人才最美
运行速度：性能强大
待机时间：惟一缺憾就是待机时间不长，中度玩手机一天一充！
其他特色：20瓦快充还是很快的，40分钟充80%的电"
589,蓝色,128GB,"外形外观：经典
屏幕音效：亮度适中，音响效果不错
拍照效果：效果棒棒哒
运行速度：运行正常没有发热现像
待机时间：待机时间很长"
590,午夜色,256GB,外形外观：外形非常好看，经典的方形块还是不错的，考虑到它的外形还有颜色都很喜欢用起来也很流畅选择了256G的，应该够用了。?屏幕音效：钢化磨合手机壳一起到的直接用局必须给京东赞拍照效果：拍照效果比之前更清晰了，颜@彩更饱和了，新片加强了，价格还是很优惠的。?运行速度：苹果系统依然是很流畅的运行速度不用担心一切完美。
591,蓝色,256GB,收到手机很兴奋，睡不着，第一次买这么贵的手机，开箱第一眼，很惊艳，做工精细，完美无瑕，贵有贵的道理。之前考虑过华为麒麟9000，无奈买不到5G，火龙888+持续高温pass，最终只有iphone13。阉割版A15性能功耗方面达到一个平衡，平时就玩下@，吃鸡，王者，戴上套都是温温的。续航不错，满电上班到下班不用充电，比iphone12强多了，不比4-5千毫安的安卓机差。拍照方面，之前用魅族16spro，感觉和iphone13差不多，肥宅很少拍照，就扫个码?。系统方面，第一次用iOS，很不习惯，下载应用只能在Appstore下载，很多收费应用，安卓白嫖习惯了，还有返回手势很不习惯，只能在左边向右划，flyme左右都可以划，这点比iOS好用多，左右单手操作都行。还有苹果的配件是真的贵，真的环保?
592,午夜色,256GB,"特意用了一段时间来评价。首先相信京东正品，还是不错的。
外形外观：外观好看，不是特别重。
屏幕音效：音效不错，屏幕也很灵敏
拍照效果：拍照好看，很还原，很高清。苹果，大家都懂！
运行速度：很快
待机时间：还可以，不太玩手机，一天没问题。
其他特色：总的来说很好，但是还是觉得应该支持国产华为，有一点小后悔。"
593,午夜色,128GB,特别满意的购物体验！很不错经过实测iPhone13 Pro Max与iPhone12 Pro Max在游戏中差距并不大，并且功耗是有所增大的。如果说平时玩游戏多的用户，iPhone12 Pro Max还是非常合适的，售价低的同时性能依然在线，大型游戏均能流畅运行；而对综合能力有着高要求的用户来说，本次iPhone13 Pro Max在屏幕、电池、性能、影像的提升则更能满足您，尤其是首次加入的高刷与智能分辨率在实际表现中还是非常香的。
594,星光色,256GB,ios系统一如既往的流畅，系统其实有很多的快捷操作，一般人会用的估计五分之一都没有。系统的封闭性没有安卓使用的那么多灵活性，同时ios的下的app比安卓下规范很多。airpods用在苹果手机上确实是绝配，同样的歌在ios听起来质感更强。屏幕优秀，续航也很给力。信号?是真的差呀，wifi信号差，比不上18年的安卓机，4G5G信号确实寒酸，嗐
595,星光色,256GB,外形外观：果粉转安卓再度转果粉，拿到手心情非常激动，大爱直角边，系统流畅，刚买没贴膜所以留指纹，商务日常使用完美。
596,星光色,256GB,"外形外观：外形小巧玲珑，外观简洁大方，配色朴素，而有内涵
屏幕音效：屏幕没有绿边，使用丝滑顺畅，打游戏也很舒服
拍照效果：拍照效果杠杠的，画质清晰，像素感人
运行速度：运行流畅，四个腿赶上了别人八个腿的速度
待机时间：够用
其他特色：充电时间不太快，通病"
597,星光色,256GB,"外形外观：之前用的是苹果8p，虽然尺寸大了，但屏幕看视频的区域更小了，不过不影响正常观感，反倒手机的轻巧让我感到很舒适。
屏幕音效：屏幕很好，没有网传很刺眼的感觉。
拍照效果：真的很棒，除了夜间有&ldquo;鬼影&rdquo;其它很棒
待机时间：强到离谱
运行速度：A15性能杠杠的"
598,午夜色,128GB,"外形外观：黑色的比较经典，高大上
屏幕音效：没有杂音，质感不错
拍照效果：手机的像素，我非常喜欢，苹果手机拍照
运行速度：内存大一点都不卡
待机时间：以自己的使用情况而定"
599,绿色,256GB,"手感超级舒服，绿色颜色鲜艳，辨识度很不错，运行速度新机很爽，256内存也够用，就是不知道4G运存时间久了够不够用，现在有优惠价格还不错！
屏幕音效：音效很棒
拍照效果：体验不明显
运行速度：新机不错的
外形外观：外观设计风格非常好看"
600,午夜色,128GB,iPhone 13性价比真的高，真是13香，而且赠了充电器，很值得买，13的屏幕素质真高，显示效果很细腻，处理器太强了，秒杀其他手机，玩游戏非常的流畅，而且手机发热控制也很好，物流速度快，服务态度也很好！
601,星光色,256GB,iPhone13真的太惊艳了，比较爱玩游戏，最喜欢是就是iPhone了，打游戏完全不会卡顿。之前的手机是内存不够，心心念念的手机终于到手了。13的运行速度非常快，打游戏真的太流畅了，真的非常喜欢这个手机。外观很好看，手感拿着很有质感，屏幕看着非常好，拍照效果很不错，像素高了，新机拍照片怎么都好看。5G高速运行，超长待机一整天。颜色也好看，白色看起来简单大气，非常的干净整洁。运行非常流畅，屏幕显示细腻，给人很舒服的感觉，而且相机夜景提升很大，拍出来的效果堪比佳能相机。之前的手机内存不够了，这次趁着活动购买的，直接卖的是256G的，这下就不怕内存不足了，性价比比较高。待时间不用可以一天时间，刷视频就不行，不过充电时间快，还是非常喜欢这个手机的。而且色彩的优化升级很好，百搭的白色款式。特意使用了半个月，体验感非常好，有经典一代的感觉。
602,粉色,128GB,iPhone13手机收到了，粉色也太好看了吧，真的很喜欢这款手机。真的是一款很不错的手机，手感非常舒服，握持感非常舒服。感觉拍照效果比之前12提升了很多，新一代运行速度快了很多，系统非常流畅，真的很喜欢了。电池也还不错，正常使用，一天到晚上还有百分之30左右。玩游戏也不会发烫，温度都能接受。拍照技术含量高，自带美颜效率非常好，前置摄像头有亮点，非常喜欢！防抖功能也超级赞！音乐播放的音效也特别满意，手机边框手感特别舒服。对于女生来说，拍照打游戏还是很喜欢的。不过单手操作的话还是mini强！音质非常好，屏幕显示细腻色彩饱满，拍照色彩还原度不错，夜景画面比较纯净。使用了一周了，感觉使用感受非常好，外观也好看，摄像有所升级，比12有改进，增加了电影模式太好了，满足了日常需求。电池比以前的要大，充一次电可以用一整天了，总体感觉挺满意的。
603,午夜色,128GB,iPhone 13手机很快就拿到了，打开非常的惊喜呀，非常大气的13手机。我买的是128GB的，这个就够我用了，很好看的手机，我觉得午夜色非常的大气，很有感觉的一部手机。外形非常好看，拿在手里也是非常的舒服，手感很好！手机背面是玻璃亮镜面的材质，这种磨砂与亮面的搭配，看上去非常时尚大气，外观看上去很上档次，方正的外观设计给人感觉非常稳重，很经典的设计。不过还有一点就是今年这款iPhone13的外观设计，跟上一代iPhone12改变不大。一直就是很喜欢苹果手机，就是因为它的系统流畅，升级的A15处理器有不少的省电提升，还有对5G网络的优化，而且还有20W的快充设计，被称为最强的手机。13的拍照也提升了，拍照很清晰，能够满足日常使用，新加的拍视频电影效果很不错。而且手机的待机时间也提升了，音效也很好，运行速度非常快。用了一个星期了，各方面都挺好的！非常满意的一次购物！
604,蓝色,128GB,"外形外观：颜值很高
屏幕音效：声音比之前的苹果手机大 ，音效很好
拍照效果：清晰&hellip;&hellip;&hellip;&hellip;
运行速度：快&hellip;&hellip;&hellip;&hellip;
待机时间：还有待加强&hellip;&hellip;
其他特色：用时间长了 还是会发热"
605,星光色,256GB,"这是第一次在京东上买手机，比较放心，也省事方便，家电电器都是在京东买，安全可靠。手机拿到手已经试了下，感觉很好，颜色也很好看，喜欢?。
外形外观：白色
屏幕音效：好
拍照效果：真实
运行速度：好
待机时间：暂时不知道
其他特色：?"
606,午夜色,128GB,一直在用的是苹果系统，这次看到活动，就来购买 iPhone 13了，活动价格是我能够接受的。还是喜欢黑色，非常的炫酷，外观非常漂亮，屏幕优化升级了，最值得期待的还是系统，这次的系统升级真的超级流畅，速度非常快。新款的手机非常多的功能，先说下屏幕吧，就是一眼看过去精细度、色温、色准都很不错，屏幕亮度不错，太阳下看屏幕也很舒服。再就是音效，杜比音效是自动的，低音效果需要开大音量才能体现出来。苹果的系统也是很强大的，iOS系统流畅性和稳定性。120hz的屏幕，日常屏幕操作跟应用和桌面的切换顺滑。系统稳定性十分好，一直喜欢用苹果的手机。还有就是摄像头了，新增了不少摄像模式，比如夜晚的拍照非常好，对环境的辨识度非常高。A15处理器有不少的省电提升，还有对5G网络的优化。充电速度也是很快的，刚用的20W快充技术加持，电池待机效果明显的提升。
607,粉色,256GB,"手机外形很漂免流畅益物
肆。仟拿的，
法供中浩；自然点
颜色很正，开机：教活
递等过程星无向頭．利番上车话
卡开机，就有电话送：
晰。试了照相．京儀等功菲
个了。外观很好看
有质感、屏幕看
效果 很不错、像素高了
照片怎么都好看。5G高遠逗行
超长待机一整天．颜合世好看，
白色看起来简单大气，非幕会平
净整洁。运行非
示细腻，给人很舒
且椙机夜景提升"
608,蓝色,128GB,"21号抢的，说是30号发货，25号就收到了，满满的惊喜！
用了几天才来评论：
第一感觉就是盒子太小气，一点都不高大上，拿出手机的瞬间还是蛮惊艳的！颜色很满意！
反应速度杠杠的，6.1的直面屏，刘海明显小了一圈，显示清晰，最喜欢的是直面屏可以贴钢化膜了。
6.1不会显得小，也不会太大，手感很奈斯  单手操作还是mini强！
唯一不好的就是信号比别的少一格，wifi挺强的！
扬声器声音开到最大没有了层次感，跟个普通喇叭似的。
电池续航很棒，这个是最满意的了！
iohone7后一直用华为，熬不住想换5g手机，华为又没有，再三考虑买了一个13。   相对于还是喜欢华为的续航信号！  商品爱好而已，无关于爱国，请勿喷我！"
609,星光色,256GB,"外形外观：百搭的白色款式 白里透着淡淡的金色
屏幕音效：清晰明亮的色彩 优化升级
拍照效果：滤镜自带美颜效果非常特别 前置摄像头也有亮点 优化升级
运行速度：无敌超级快 灵敏度极好 完全没有任何问题
待机时间：待时间不用可以一天时间 刷就不行 一般 不过充电时间快
其他特色：刷脸支付支解锁 颜色白色好看 不过好不容易抢到的"
610,蓝色,256GB,快递给力，包装四角尖尖。手机外观如图，蓝色很好看，很耐看，沉稳大气不俗气。手机整体感觉很好，没什么惊艳的地方，也没有什么短板，用起来心里感觉很踏实，像一个可靠的伙伴。好的地方，有相机，照片拍出来很真实，颜色亮丽，拍人物很清晰，会把人从背景里衬托出来。逆光也清晰！续航也不错，轻度使用一天可能就掉个百分之十五到二十的电量。重度使用一天，电量也足够了，无需中间充电。处理器速度已经足够快了，日常使用没有任何卡顿。总体感觉不错，是一次很愉快的购物体验。
611,星光色,512GB,发货快，包装严实，各方面都没破损，机子星光色好看，颜值很高，耐看，打开网页丝滑顺畅，游戏不掉帧，分辨率高，功能很齐全，比12多了许多，人脸识别快捷灵敏，，黑暗拍照清晰无差异，音质清脆，待机时间超长，一天重度七八个小时，一天一冲，耐用性大大提高，爱了爱了
612,星光色,128GB,"外形外观：星空色，外观给我一种很惊艳的感觉，特别是星空色，搭配上这个颜色简直绝了?
屏幕音效：双喇叭扬声器很nice?
拍照效果：拍照、录像效果可以说是非常好?，直接把我之前那个Max秒杀
运行速度：A15速度还是很快的，加上iOS15的加持，手机很流畅
待机时间：续航方面相对比12 提升了很多，满电玩了3小时吃鸡还剩40多电量 还是非常不错的?"
613,粉色,256GB,"真的越看越喜欢?太赞啦，手感超棒，画质超清晰裸机还是不太放心的，给手机买了个壳。而且我前一天买的 第二天就到啦 很快
外形外观：很nice 粉色yyds
屏幕音效：很好
拍照效果：超级清晰
运行速度：很快 不管是刷视频还是开网页"
614,星光色,256GB,以前用过5s和7，后来一直用华为，这次13性价比不错就入手了，苹果系统依然很好用，各方面很满意，屏幕流畅，电池耐用，一天只充一次电。京东快递挺快，第二天就收到了，京东上买了五六台手机了，大平台值得信赖。
615,粉色,256GB,"外形外观：外形设计刘海变小了，摄像头位置变化。
屏幕音效：屏幕上的材质有新的材料应用。12 0的刷新率会舒服很多
拍照效果：拍照的效果要比老款好很多
运行速度：运行速度比上一代要提升不少了。送人的很喜欢
待机时间：待机基本掉电不多。玩游戏，刷视频要比之前续航高很多"
616,星光色,128GB,"外形外观：很好很好看王守义十三香果然很香
屏幕音效：音质很好 比之前用的安卓好多啦
拍照效果：拍照很清楚  很好
运行速度：下载应用  手机运行速度也很快
第一次用IPhone 之前都是在用安卓 感觉很多很喜欢王守义十三香果然香"
617,午夜色,128GB,地址别搞错了，又得多等一天
618,午夜色,256GB,"外形外观：外型中规中矩，经典回归
屏幕音效：屏幕柔性三星?屏很好
拍照效果：原图一模一样，真实的人才最美
运行速度：性能强大
待机时间：惟一缺憾就是待机时间不长，中度玩手机一天一充！
其他特色：20瓦快充还是很快的，40分钟充80%的电"
619,蓝色,128GB,"外形外观：经典
屏幕音效：亮度适中，音响效果不错
拍照效果：效果棒棒哒
运行速度：运行正常没有发热现像
待机时间：待机时间很长"
620,午夜色,256GB,外形外观：外形非常好看，经典的方形块还是不错的，考虑到它的外形还有颜色都很喜欢用起来也很流畅选择了256G的，应该够用了。?屏幕音效：钢化磨合手机壳一起到的直接用局必须给京东赞拍照效果：拍照效果比之前更清晰了，颜@彩更饱和了，新片加强了，价格还是很优惠的。?运行速度：苹果系统依然是很流畅的运行速度不用担心一切完美。
621,蓝色,256GB,收到手机很兴奋，睡不着，第一次买这么贵的手机，开箱第一眼，很惊艳，做工精细，完美无瑕，贵有贵的道理。之前考虑过华为麒麟9000，无奈买不到5G，火龙888+持续高温pass，最终只有iphone13。阉割版A15性能功耗方面达到一个平衡，平时就玩下@，吃鸡，王者，戴上套都是温温的。续航不错，满电上班到下班不用充电，比iphone12强多了，不比4-5千毫安的安卓机差。拍照方面，之前用魅族16spro，感觉和iphone13差不多，肥宅很少拍照，就扫个码?。系统方面，第一次用iOS，很不习惯，下载应用只能在Appstore下载，很多收费应用，安卓白嫖习惯了，还有返回手势很不习惯，只能在左边向右划，flyme左右都可以划，这点比iOS好用多，左右单手操作都行。还有苹果的配件是真的贵，真的环保?
622,午夜色,256GB,"特意用了一段时间来评价。首先相信京东正品，还是不错的。
外形外观：外观好看，不是特别重。
屏幕音效：音效不错，屏幕也很灵敏
拍照效果：拍照好看，很还原，很高清。苹果，大家都懂！
运行速度：很快
待机时间：还可以，不太玩手机，一天没问题。
其他特色：总的来说很好，但是还是觉得应该支持国产华为，有一点小后悔。"
623,午夜色,128GB,特别满意的购物体验！很不错经过实测iPhone13 Pro Max与iPhone12 Pro Max在游戏中差距并不大，并且功耗是有所增大的。如果说平时玩游戏多的用户，iPhone12 Pro Max还是非常合适的，售价低的同时性能依然在线，大型游戏均能流畅运行；而对综合能力有着高要求的用户来说，本次iPhone13 Pro Max在屏幕、电池、性能、影像的提升则更能满足您，尤其是首次加入的高刷与智能分辨率在实际表现中还是非常香的。
624,星光色,256GB,ios系统一如既往的流畅，系统其实有很多的快捷操作，一般人会用的估计五分之一都没有。系统的封闭性没有安卓使用的那么多灵活性，同时ios的下的app比安卓下规范很多。airpods用在苹果手机上确实是绝配，同样的歌在ios听起来质感更强。屏幕优秀，续航也很给力。信号?是真的差呀，wifi信号差，比不上18年的安卓机，4G5G信号确实寒酸，嗐
625,星光色,256GB,外形外观：果粉转安卓再度转果粉，拿到手心情非常激动，大爱直角边，系统流畅，刚买没贴膜所以留指纹，商务日常使用完美。
626,星光色,256GB,"外形外观：外形小巧玲珑，外观简洁大方，配色朴素，而有内涵
屏幕音效：屏幕没有绿边，使用丝滑顺畅，打游戏也很舒服
拍照效果：拍照效果杠杠的，画质清晰，像素感人
运行速度：运行流畅，四个腿赶上了别人八个腿的速度
待机时间：够用
其他特色：充电时间不太快，通病"
627,星光色,256GB,"外形外观：之前用的是苹果8p，虽然尺寸大了，但屏幕看视频的区域更小了，不过不影响正常观感，反倒手机的轻巧让我感到很舒适。
屏幕音效：屏幕很好，没有网传很刺眼的感觉。
拍照效果：真的很棒，除了夜间有&ldquo;鬼影&rdquo;其它很棒
待机时间：强到离谱
运行速度：A15性能杠杠的"
628,午夜色,128GB,"外形外观：黑色的比较经典，高大上
屏幕音效：没有杂音，质感不错
拍照效果：手机的像素，我非常喜欢，苹果手机拍照
运行速度：内存大一点都不卡
待机时间：以自己的使用情况而定"
629,绿色,256GB,"手感超级舒服，绿色颜色鲜艳，辨识度很不错，运行速度新机很爽，256内存也够用，就是不知道4G运存时间久了够不够用，现在有优惠价格还不错！
屏幕音效：音效很棒
拍照效果：体验不明显
运行速度：新机不错的
外形外观：外观设计风格非常好看"
630,午夜色,128GB,iPhone 13性价比真的高，真是13香，而且赠了充电器，很值得买，13的屏幕素质真高，显示效果很细腻，处理器太强了，秒杀其他手机，玩游戏非常的流畅，而且手机发热控制也很好，物流速度快，服务态度也很好！
631,石墨色,128GB,正品保障 客服态度也很好 石墨色高端大气上档次
632,石墨色,128GB,很不错的，买回来打开一看手感都不错
633,石墨色,128GB,"用了一段时间才来评论的
外形外观：百看不腻，总得来说就是很耐看。
屏幕音效：音效很好，对话啥的感觉都挺好。
拍照效果：真的是绝了，我的天呐，微距和长焦简直就是yyds，原相机拍出来的东西比我看的还?"
634,石墨色,128GB,充电器是20W，充电也很快！是快充电器！充电线是两种接口！感觉还是很好的！正品保障！
635,石墨色,128GB,啥都好，就是屏幕小了点
636,石墨色,128GB,很不错！上午下单下午就送到了！
637,石墨色,128GB,大气上档次
638,石墨色,128GB,我应该买大一号的不过还是可以
639,石墨色,128GB,发货快，全新包装，拆开了没有任何问题，很满意
640,石墨色,128GB,暂时可以，旁边居然还是塑料的，后续观察一下是否会变色。
641,石墨色,128GB,头天晚上下单第二天早上九点就收到了，就是这么快！
642,石墨色,128GB,此用户未及时填写评价内容
643,石墨色,128GB,是正品，很好用，使用效果也是毋庸置疑了，和页面描述一致，快递发货速度非常快。
644,石墨色,128GB,石墨色太惊艳了，完美
645,石墨色,128GB,东西收到了。挺好的，不错哦，，，
646,石墨色,128GB,东西收到了。挺好的，不错哦，，，
647,石墨色,128GB,东西收到了。挺好的，不错哦，，，
648,石墨色,128GB,搞活动买的，性价比非常高
649,石墨色,128GB,昨天下午下单今天一大早就收到了，快递非常给力，13por 的手感和质感也是无比的棒，之前拿苹果手机都是白色的，这次换了个黑色的，颜色真的特别高级，手里的12直接不想再看啦?
650,石墨色,128GB,外形外观：很好，非常好的手机。
651,石墨色,128GB,苹果手机一直用了好几年，习惯了。
652,石墨色,128GB,好
653,石墨色,128GB,使用起来非常流畅，各方面都是很不错的。京东物流发货速度非常快。
654,石墨色,128GB,买了很多台了，用e卡买的还优惠了一些
655,石墨色,128GB,"拍照效果：拍照效果色彩真，图像细腻。电池续航：电
池续航有所提升，延长使用2小时 通信音质：音质干干净
净，背景没杂音，非常好 运行速度：A15运行速度没的
说，非常流畅，看视频打游戏得心应手 显示效果：超级视
网膜屏，色彩真，不伤眼睛 其他特色：第一时间来评
价，首先手机是国行正品，和商家描述的一样，运行速度
超级快，商家服务态度非常好。"
656,石墨色,128GB,速度太快了，极其丝滑的感觉。
657,石墨色,128GB,超级棒  非常流畅
658,石墨色,128GB,特别好用，买回来立即试用，特别好，原来的手机像素不好，用苹果设闹钟
659,石墨色,128GB,用起来非常不错，很喜欢。
660,石墨色,128GB,非常好，送货非常快，完美
661,远峰蓝色,128GB,手机非常完美，显示完美。真心不错。远峰蓝比想象中的好看。高颜值，高品质，材质上档次，手机不错。手机手感很好，电池续航很强。
662,远峰蓝色,256GB无忧套装,物流快，客服态度好，有不懂的就教，更新完系统后续航更好，比之前用的所有苹果续航都持久，高刷很舒服，远峰蓝无敌好看，保修也很到位
663,远峰蓝色,256GB,等待了两天终于收到啦，蓝色这款颜色挺好看的，手机就是有点重，拿在手里很有份量，速度敏捷拍照清晰，很棒
664,远峰蓝色,256GB,手机收到有几天了，仅是拆开了还未使用，也未查真伪。光就外观来说，还是很赏心悦目的，大大的捏在手里手感十足。颜色也是淡淡的蓝，很好看。苹果真机的话，质量还是能让人信服的。有了再来评价吧
665,远峰蓝色,256GB,速度快，查了是正品，颜色真好看，本来以为会很大拿在手里不方便，实际拿在手还不错，挺好的，用得好后续再评
666,银色,256GB无忧套装,终于入手苹果13，用起来很多功能都意想不到的，拿在手里面高端大气，真的佩服这款手机的功能强大，买了也不会后悔
667,石墨色,256GB,"外形外观：挺好的，高大上
屏幕音效：无敌了
拍照效果：可完美了"
668,石墨色,256GB,等了2天终于收到商品，开箱验货后，非常喜欢，很牛的产品，运行流畅画质好。
669,石墨色,512GB,真正高大上的产品，外观、运行速度、使用体验和开奔驰迈巴赫的感觉一样！爽的一塌糊涂！??????
670,远峰蓝色,256GB无忧套装,刚开始要买pro，后来还是买了13promax，评价都说手感重了，我用着还可以啊，没有太重，有质感，再说电池，超级耐用，也就这款的，电池耐用了吧，哈哈哈哈，总体不错的，很满意，到现在用了2月了，没问题
671,石墨色,256GB无忧套装,终于把握用了五六年的6SP换了 真是不容易  主要是原来的手机好好的 中间换了两次电池 真是没有换机的欲望   直到发布十三香让人眼前一亮！新手机已经验证是正品，手机保修期限就在启动当天，苹果还是一如既往的运营流畅，特别提一下售后服务也超棒，很满意的一次购物体验！
672,石墨色,256GB,"外形外观：好，苹果的没得说
屏幕音效：好，3D立体音效看电视打游戏都非常快好
拍照效果：非常好?像素好高
运行速度：超级快，没有一点延迟
待机时间：超好2222333
其他特色：快递也快"
673,远峰蓝色,256GB,用过半个多月了，感觉不错。颜色很低调顺眼，用起来速度很流畅，拍照真的好，不会有抖动，特别是电池很给力，50%电量也可以用上十几小时。那个有人说比较重，我觉得也还好，我一个老人没感觉拿起来很沉很累，还好。值得拥有。
674,石墨色,512GB,很满意的一次购物，质量很好，特别满意，非常非常喜欢，值得推荐，质量绝对好的没话说，包装也特别好，快递服务也不错
675,远峰蓝色,256GB无忧套装,"外形外观：好看
拍照效果：一流
运行速度：杠杠滴
待机时间：够长
屏幕音效：好"
676,石墨色,512GB,很好的，非常满意，特别喜欢，质量绝对没话说，特别特别喜欢，拍照效果很好，运营速度很快，外观也非常好看特别好
677,远峰蓝色,256GB,的确很漂亮的苹果手机，是蓝色的，真的用起来很流畅，物流很快，客服也很好，很耐心的细致周到，13香的确与众不同，就是现在快充头要自己买摄像头也要自己买，过后还要多使用多款应用软件，多拍积累比较一下
678,远峰蓝色,256GB无忧套装,买的256无忧套餐11499刚到没几天就降500了只能给你3? 了
679,远峰蓝色,128GB,手机收到，并且使用一周，总体来说非常好，手机很轻颖，机身很轻薄，很喜欢远峰蓝，上网查了一下是正品，总体感觉非常好，
680,石墨色,256GB无忧套装,手机是真正的国行，用起来很流畅。真的很完美的
681,石墨色,512GB,包装很好，质量非常棒，宝贝完全符合卖家的描述，可以放心购买?感谢?宝贝心仪很久了，趁活动时候买真的太划算了，喜欢的不要犹豫啊挺好的，价格适中，质量看着不错质量非常好，非常满意的一次购物。客服有问必答，非常专业
682,金色,256GB无忧套装,很好，很漂亮，很喜欢，查验了是正品，爱不释手，就是太贵了！
683,石墨色,256GB,又买一个，比较喜欢的一款产品，性价比高，运行流畅画质好，多次购买，都说好用，值得推荐。很好的购物体验，
684,石墨色,256GB,很棒的手机，运行流畅画质好，颜色漂亮，内存够大，手感好，值得拥有。
685,石墨色,256GB无忧套装,"外形外观：美丽大气上档次，
屏幕音效：动感
拍照效果：很好"
686,石墨色,256GB,"外形外观：美观
屏幕音效：完美
拍照效果：完美
运行速度：怎一个快字了得"
687,银色,128GB无忧套装,宝贝收到啦，百分百正品，手感超级好，很满意。
688,银色,1TB,给孩子买了，孩子说很好用。苹果牌子硬，名气大，保值高。关注好久了，果断下手买了，买的最大容量，一步到位。
689,远峰蓝色,128GB无忧套装,非常好，用着很不错很不错，下次介绍朋友过来买，屏幕灵敏，顺畅，各大游戏都能运行的很顺畅，是一次很不错的购物
690,远峰蓝色,512GB,"好，特别好
外形外观：很好
屏幕音效：不错
拍照效果：特别好"
691,远峰蓝色,128GB 原装20W闪充,13香，真的香，卖家很好，送了一堆东西。第一次从安卓区过来，真心发表个人感想，首先13pro的续航真的太好用了，和之前用的四五千毫安电池的安卓机真就五五开了，牛！而且虽然像素低，但就是靠着顶级的算完美发挥，我真不敢相信这是1600像素拍出来的照片，最后就是整体体验非常好。但不得不说，苹果手机打字还有点不习惯，真得花点时间去适应。
692,远峰蓝色,256GB,外关很不错，很精致，漂亮，很喜欢，颜色也是我喜欢的，犹豫了好久也挑选了好多家的最后还是买了这家的，
693,石墨色,256GB,选择很久了，这款手机终于入手了，虽然不能分期支付一次性支付也怪香的，手感款式都很不错，价格大家都一样，这个商家送了手机壳和钢化膜还是不错的，需要一级买充电器，其他的都挺好的，很喜欢了，颜色也大气不错上档次
694,石墨色,256GB,我一直使用习惯苹果手机了，好久就想换了，这次终于换了，用起来真的是非常不错。内存容量大，用起来就方便了&hellip;&hellip;
695,石墨色,256GB,"外形外观：外观很喜欢！
拍照效果：牌照效果也非常棒！
待机时间：待机时间也比以前强多了！"
696,银色,128GB,"外形外观：金属边框使用起来手感很好
屏幕音效：屏幕尺寸够大，还是全面屏，声音效果很好，声音响亮
拍照效果：照片清晰，照片层次感分明
运行速度：运行流畅无卡顿"
697,石墨色,256GB,"快递很快 过年前就能换到新的手机很开心
外形外观：最喜欢的黑色
屏幕音效：肥肠的可以
拍照效果：nice清晰
运行速度：比闪电快"
698,石墨色,128GB 原装20W闪充,"手机是正品，用着很流畅，屏幕很清晰。
屏幕音效：清晰
运行速度：很快
待机时间：持久"
699,石墨色,256GB,"给女朋友买的，她很喜欢。
拍照效果：比苹果的其他系列好
运行速度：运行速度很快
待机时间：正常使用的话一天不需要充电"
700,远峰蓝色,512GB 原装20W闪充,手机非常好，店家服务一流，最快的时间送给到手中，现在pro还是一机难求的情况下，让我更早的拿到，赞?
701,远峰蓝色,256GB,苹果13很完美的，拍照比较清晰，手感很好。外观很酷，拍照效果非常清晰，有预算直接上256。
702,远峰蓝色,512GB 原装20W闪充,13确实不错 抢到真不容易 刘海比以前精致了 运行速率也快了很多 玩游戏杠杠滴 没有任何可以阻止我上分的脚步
703,银色,128GB,全新正品未激活未拆封  到货速度很快   13pro续航能力很长   这银色大爱啊   送的壳和膜都非常好  拍照效果杠杠得  运行速度很快  听歌音效有立体声  反正没缺点
704,石墨色,256GB,从发行到双十一入手后，运行起来还是一如既往地流畅。十三真香，除了机子有点厚以外其他都没毛病。拍照效果杠杠滴，运行速度很快。音效就没得说了真棒
705,远峰蓝色,256GB,我用了几天都没有出现一点问题，运行流畅，质量稳定。朋友很满意。支持苹果，永远的神！
706,远峰蓝色,256GB,快递速度很快 屏幕清晰 运行流畅 玩游戏没有卡顿现象 游戏体验不错
707,远峰蓝色,256GB 原装20W闪充,终于等到13香了，包装得很好，没有损坏，客服服务也很贴心
708,远峰蓝色,128GB,十三香果然名不虚传。无论外观还是使用体验都是超级一流的棒。第一台手机是摩托罗拉外，苹果手机一直用到现在。其中的原因就不言而喻了。物有所值。物超所值。
709,远峰蓝色,128GB,因为是疫情原因 快递两周才到， 解封后很快就到手上了 打开后发现摄像头位置有点磨损
710,金色,256GB 原装20W闪充,手机是正品，已经用了几天非常好，店家客服也很好，值得推荐，物流发货也很快。
711,银色,256GB,发货速度非常快，正品保证，还有赠品，很满意
712,远峰蓝色,128GB 原装20W闪充,手机是正品，送了很多大牌东西，很好支持很好?
713,远峰蓝色,128GB,"外形外观：好看
运行速度：速度快
电池续航非常能打"
714,银色,256GB,第1次从安卓转换到苹果。外观很精致也很漂亮是女朋友喜欢的颜色喜欢的颜色商家服务态度非常好，物流速度也非常快。
715,金色,256GB,非常好，没差，还赠送了壳膜套装，发货很快的，用起来很顺手，很满意。
716,远峰蓝色,256GB,"外形外观：非常好看
运行速度：很快
爱了爱了"
717,远峰蓝色,128GB,手机很好用，正品，店家服务态度很好，发货速度很快，赞一个，活动价格给力
718,远峰蓝色,256GB,运行流畅，外观设计非常好看，是正品，客服态度很好。
719,远峰蓝色,128GB 原装20W闪充,物流很快，正品行货，下次还来这买。
720,远峰蓝色,128GB,速度超快，不到24小时收到了！手机性能很好，喜欢?
721,远峰蓝色,256G 全网通,手机?收到了颜值很高。苹果手机像素杠杠的。手感超级棒。爱了爱了
722,远峰蓝色,256G 全网通,13Pro就是香，手机做工精美，没有一点遐思，手感非常舒适，大小刚刚好，无论是拍照还是摄像都特别清晰，还特别稳。120Hz高刷新率屏幕，值得一赞，特别是打王者荣耀画质极致，效果全开流畅度非常高，完全不卡顿，也不怎么发热，有点温温的感觉，果然13香，手机成色很好，是国行正品，电池100%，就是送的充电器数据线手机壳不行
723,远峰蓝色,128G 全网通,物流很快，包装很好，手机也非常完美，电池容量100，和新机几乎一样，性价比超高！
724,石墨色,512G 全网通,手机已收到手感很好?服务态度好
725,远峰蓝色,256G 全网通,手机非常完美，电池百分之100，谢谢老板的小礼品，下次换手机还来你家买。
726,银色,256G 全网通,手机很好，发货很快 手机没有瑕疵 客服态度很好 有问题必答，会推荐给朋友
727,远峰蓝色,256G 全网通,真的跟新的没区别，电池效率100，比官网便宜将近2000，太值了！
728,远峰蓝色,128G 全网通,618活动下单的，机子手感很好，用起来比我的11快多了
729,远峰蓝色,128G 全网通,很赞
730,远峰蓝色,256G 全网通,现在也在用感觉性价比挺高的 电池健康也是百分百 很不错 ?和新机没什么区别
731,石墨色,1TB 全网通,物流很快，物品完好无损，用起来很舒服，喜欢?宝贝非常棒，是自己想要的那种风格，到货也很快，谢谢老板，服务五颗星
732,远峰蓝色,256G 全网通,刚拿到手感觉很好 、好用正品。
733,远峰蓝色,256G 全网通,手机发货很快，本来以为要等几天，没想到第二天就到了，各方面感觉都ok
734,远峰蓝色,256G 全网通,很好的商家，真的很好，产品很新，验证了
735,远峰蓝色,128G 全网通,手机很不错！颜值很高爱了爱了
736,远峰蓝色,128G 全网通,服务态度很好，发货快，建议购买！
737,银色,128G 全网通,手机手感非常好。电池100的。就是新机。以后还会继续光顾
738,远峰蓝色,256G 全网通,怎么说呢，卖家描述准新机，我收到的屏幕有划痕，尾插划痕比较严重，使用了几天面容解锁不灵敏，其他的暂时没发现什么问题。
739,银色,256G 全网通,手机跟新的没区别，小巧的外观拿在手里刚刚好，和平精英还可以开90帧，很难不爱，如果有想换手机的就选他们家的，喜欢赶紧入手！
740,远峰蓝色,128G 全网通,感觉就像新机一样，非常完美
741,远峰蓝色,128G 全网通,准新机，运行非常流畅，颜值高，价格实惠，值得购买。
742,远峰蓝色,256G 全网通,用了几天，很爽
743,远峰蓝色,128G 全网通,很新充电两次，非常流畅。
744,远峰蓝色,256G 全网通,非常好的产品，送了一大堆配件，这个搭配手机刚好使用，非常好用！而且都是正品，又很轻便，材料又好！非常好用！送到膜也好，不留指纹！整体美观大方，档次高不少，好手机配好膜，你值得拥有！
745,远峰蓝色,256G 全网通,还不错，资源机，希望质量可靠。外观很漂亮，
746,远峰蓝色,128G 全网通,京东物流还是很快哦，手机看起来很漂亮。手机已经激活，其他的都挺好。
747,远峰蓝色,256G 全网通,特别好的手机，物美价廉，苹果现在掉价好厉害，性价比还是很不错的，操作流畅，电池满满，打了几把游戏很带劲，待机也很不错，有点儿沉，总之是一次愉快的购物
748,银色,256G 全网通,给家里孩子买的，孩子特别喜欢。问客服回复及时，降价及时补差价。
749,远峰蓝色,256G 全网通,商品杠杠的，是我用过最好的，功能齐全。值得推荐。
750,远峰蓝色,256G 全网通,很满意的一次购物，商家服务好，发货神速，物流也很给力，宝贝收到后非常喜欢，买得放心，用得安心！宝贝收到，一如既往的好，包装很到位，质量还不错，很喜欢，大品牌值得信赖！
751,远峰蓝色,256GB,"通信音质：双杨声器看电影就像在电影院的感觉 其他特色：外观真的很赞 稍微有点重 显示效果：看起来很舒服
一直用苹果手机，上一部用的苹果11，觉得新出的这个颜色挺好看的，就立马下单了，发货很及时，转天就收到了，使用感特别好，以后还会继续光顾的！"
752,远峰蓝色,256GB,"手机已经收到用了几天非常好用，256G内存刚刚好。京东够物省心放心安心???
外形外观：大气好看
屏幕音效：非常棒
拍照效果：清楚
运行速度：丝滑快
待机时间：很长"
753,苍岭绿色,256GB,"手机收到了，刚开始担心是不是新机，打开验证以后，没问题，纯新机。手感不错，果真是13香，开森。
外形外观：大气上档次
屏幕音效：很正
拍照效果：画面感很强
运行速度：流畅"
754,远峰蓝色,256GB,"外形外观：实在是太漂亮了拿在手上很有分量
屏幕音效：非常适合
拍照效果：照片质量不错
运行速度：运行速度很流畅，可以满足基本需求的功能
其他特色：目前可以待机一天，希望可以越用越好用"
755,远峰蓝色,256GB,"外形外观：苹果13 Pro外观很有档次，对比老手机苹果x 直角线性的设计看起来更高档
屏幕音效：屏幕显示特别细腻，刷屏率也很高，游戏很爽
拍照效果：拍照超级棒，拍视频的电影效果出来赞到不行
运行速度：运行特别快，高端手机用十多个软件都不卡"
756,苍岭绿色,128GB,"外形外观：手机相当给力，高级感满满
屏幕音效：屏幕没得说，细腻
拍照效果：拍照给力堪比相机
运行速度：速度玩任何游戏都没的问题"
757,银色,256GB,"iPhone13Pro是性价比比较高的一款苹果手机。iOS系统运行流畅，简洁好用，安全性高，易于使用。屏幕清晰细腻，很有通透感，屏幕看着很舒服，是素质很高的一块屏幕。拍照一直很不错，使用默认模式就拍得很好。iPhone13Pro带自适应高刷，体验效果很好,同时也使电池更加耐用，提高了续航。总体来说，iPhone13Pro是一 款水桶机,各方面都很优秀。"
758,远峰蓝色,256GB,"外形外观：13PRO真的适合喜欢小屏人士，电池续航比13好，也没有MAX那种重
屏幕音效：屏幕顶呱呱，没得说啦
拍照效果：电影模式真的很赞！
运行速度：自适应刷新率，打游戏看视频刷网页真的牛"
759,苍岭绿色,256GB,"外形外观：好看
屏幕音效：好听
拍照效果：轻易
运行速度：很快
待机时间：很长，这个时候买的机器设备实在太香了，实在太喜欢了，大家快来买买买，把老的机器卖掉，换成这个吧，非常满意"
760,石墨色,128GB,"外形外观：外观设计感觉也就那么回事儿。就是摄像头镜头这个。太突出了，吐出来了很高。
屏幕音效：屏幕效果非常不错，高分辨率高刷屏了。
拍照效果：拍照效果pro就是不一样，比普通款的拍照效果强大很多。
运行速度：就像速度也非常快。
待机时间：待机时间感觉还行。
其他特色：核实一笔起来没有那么圆润。有棱有角的。我觉得还是圆润点好。"
761,石墨色,256GB,手机很有分量，比xs大一个小边边。拍照的效果真的没得说，超级清晰，系统速度快。还是黑色经典耐看。
762,银色,256GB,"外形外观：漂亮
屏幕音效：显示效果非常棒
拍照效果：很真实，自然拍照效果很好
运行速度：强大的芯片很快的速度
待机时间：还行
其他特色：买了无线充电器，搭配起来使用非常的舒服"
763,金色,128GB,"新手机到了！超级兴奋！感觉金色比蓝色更好看呢，蓝色有点雾蒙蒙的，太灰了，还是金色好看！！
连抢了三天终于在最后一天抢到了 等了五天发货，一天就到了。"
764,苍岭绿色,128GB,"外形外观：外形非常好看，最新款的颜色，炫的一批，拿在手上尺寸也很舒服，
屏幕音效：屏幕很大，看着很舒服
拍照效果：拍照效果也非常不错
运行速度：运行速度也很快
待机时间：待机时间很长"
765,远峰蓝色,256GB,"外形外观：外观时尚，手感特别舒服
屏幕音效：屏幕艳亮，触屏轻巧，声音清楚没杂音"
766,苍岭绿色,256GB,第一次买手机没有充电器的
767,石墨色,256GB,深空灰色非常有质感，包装的颜色就很低调大气。手机外观很好看，不锈钢的边框相当有质感。这次Pro的屏幕是可变刷新率，体验很好很流畅。拍照效果也相当强，微距相比上代提升巨大。运行速度快，续航也提升很多，总体满意
768,远峰蓝色,128GB,"外形外观：比之前的重了也厚些
拍照效果：?明显的更清晰
运行速度：升级了用了5g
待机时间：比之前用的xsmax时间更长了
其他特色：颜色特别喜欢"
769,远峰蓝色,256GB,13香是真的香，整体体验感很好，非常棒，质感好，系统流畅，体验感一流！！！！！！！超薄手感，电池耐用，人性化。照相功能强大，高清像素！
770,远峰蓝色,256GB,"外形外观：非常的好看，这外观非常nice。嘿嘿
屏幕音效：非常响亮，跟我的大哥大差不多
拍照效果：很清晰，目前用过拍照最好的一部
运行速度：非常快。"
